timestamp,ax,ay,az,gx,gy,gz,orient_label,motion_label
15262.734,0.006,0.211,0.962,-4.76,-10.62,-20.84,0,2
15262.75,0.006,0.214,0.965,-4.0,-10.13,-20.69,0,2
15262.75,0.01,0.217,0.963,-2.41,-9.7,-20.6,0,2
15262.765,0.015,0.215,0.957,-0.67,-9.55,-19.93,0,2
15262.765,0.016,0.221,0.954,0.7,-9.46,-18.95,0,2
15262.781,0.02,0.229,0.95,1.56,-9.03,-18.92,0,2
15262.796,0.02,0.23,0.951,2.29,-8.15,-19.01,0,2
15262.796,0.019,0.227,0.956,2.62,-7.48,-18.68,0,2
15262.812,0.018,0.222,0.958,3.51,-6.93,-17.91,0,2
15262.828,0.018,0.233,0.958,4.82,-6.07,-16.97,0,2
15262.828,0.014,0.233,0.961,5.89,-4.82,-16.24,0,2
15262.843,0.007,0.238,0.965,6.56,-3.3,-15.99,0,2
15262.859,0.008,0.242,0.971,6.9,-1.98,-16.02,0,2
15262.859,0.011,0.237,0.979,7.54,-1.68,-15.63,0,2
15262.875,0.013,0.237,0.979,8.85,-2.35,-14.62,0,2
15262.89,0.011,0.245,0.973,9.74,-3.39,-14.01,0,2
15262.89,0.013,0.247,0.972,9.28,-4.43,-14.01,0,2
15262.906,0.012,0.249,0.969,5.55,-4.79,-15.26,0,2
15262.921,0.011,0.249,0.971,2.99,-4.7,-16.21,0,2
15262.937,0.009,0.249,0.973,1.83,-4.49,-16.91,0,2
15262.937,0.005,0.252,0.976,2.01,-4.12,-15.56,0,2
15262.953,0.001,0.249,0.979,3.63,-4.0,-14.31,0,2
15262.968,-0.004,0.244,0.98,5.55,-2.96,-13.64,0,2
15262.984,-0.014,0.249,0.985,7.42,-1.65,-12.97,0,2
15262.984,-0.017,0.251,0.994,9.8,-0.4,-12.21,0,2
15263.0,-0.024,0.256,0.996,12.51,0.31,-11.63,0,2
15263.0,-0.034,0.271,0.992,13.7,0.24,-11.41,0,2
15263.015,-0.026,0.274,0.991,13.55,-0.58,-10.96,0,2
15263.031,-0.017,0.261,0.994,13.79,-2.08,-9.98,0,2
15263.031,-0.01,0.278,1.018,14.31,-1.71,-10.38,0,2
15263.046,-0.009,0.287,0.985,12.42,-4.3,-12.33,0,2
15263.046,-0.012,0.271,0.97,11.23,-8.09,-11.93,0,2
15263.062,0.01,0.264,0.964,10.65,-10.93,-9.64,0,2
15263.078,0.051,0.23,0.932,13.58,-9.98,-7.78,0,2
15263.093,0.071,0.227,0.913,17.09,-6.81,-7.6,0,2
15263.109,0.092,0.225,0.907,20.23,-3.08,-6.59,0,2
15263.109,0.108,0.244,0.901,22.68,0.43,-6.71,0,2
15263.125,0.1,0.252,0.896,22.31,3.27,-7.97,0,2
15263.14,0.099,0.26,0.901,18.1,4.21,-9.25,0,2
15263.14,0.102,0.274,0.913,12.45,3.63,-10.65,0,2
15263.156,0.102,0.272,0.926,6.29,1.98,-11.96,0,2
15263.171,0.096,0.278,0.941,0.27,0.0,-13.58,0,2
15263.171,0.09,0.282,0.954,-4.91,-1.68,-14.34,0,2
15263.187,0.088,0.277,0.96,-8.0,-3.51,-13.0,0,2
15263.187,0.086,0.276,0.96,-8.06,-5.46,-9.67,0,2
15263.203,0.085,0.27,0.952,-5.58,-6.53,-5.83,0,2
15263.218,0.078,0.269,0.939,-2.2,-5.77,-2.29,0,2
15263.218,0.072,0.28,0.927,0.73,-3.33,0.73,0,2
15263.234,0.071,0.279,0.929,2.75,0.03,3.3,0,2
15263.25,0.078,0.276,0.936,8.61,6.04,7.48,0,2
15263.265,0.071,0.278,0.936,10.56,7.75,9.58,0,2
15263.281,0.068,0.276,0.941,10.65,8.73,11.32,0,2
15263.281,0.069,0.273,0.948,9.86,9.19,12.15,0,2
15263.296,0.065,0.278,0.948,8.94,9.61,11.72,0,2
15263.296,0.057,0.285,0.954,6.84,9.95,11.44,0,2
15263.312,0.053,0.287,0.964,4.91,10.38,11.63,0,2
15263.328,0.055,0.282,0.976,4.06,10.71,12.15,0,2
15263.343,0.06,0.283,0.982,4.33,10.25,12.85,0,2
15263.343,0.069,0.291,0.978,4.76,8.85,14.44,0,2
15263.359,0.079,0.282,0.966,6.32,7.42,17.24,0,2
15263.359,0.09,0.284,0.965,7.39,5.89,20.39,0,2
15263.375,0.106,0.281,0.948,9.28,4.82,23.22,0,2
15263.39,0.122,0.292,0.944,10.71,4.91,25.42,0,2
15263.39,0.146,0.292,0.939,12.12,5.25,27.59,0,2
15263.406,0.16,0.293,0.934,13.64,5.31,29.36,0,2
15263.421,0.174,0.302,0.93,14.5,4.39,30.37,0,2
15263.421,0.181,0.299,0.923,13.7,2.78,30.82,0,2
15263.437,0.192,0.287,0.911,11.47,1.16,31.71,0,2
15263.437,0.21,0.274,0.902,8.61,0.18,34.18,0,2
15263.453,0.227,0.267,0.893,6.99,-0.55,37.51,0,2
15263.468,0.249,0.263,0.88,7.87,-0.67,41.14,0,2
15263.468,0.262,0.266,0.868,10.41,0.43,44.77,0,2
15263.484,0.269,0.272,0.868,12.79,2.35,47.7,0,2
15263.5,0.262,0.27,0.854,13.37,5.37,49.1,0,2
15263.5,0.257,0.28,0.862,10.65,9.58,48.98,0,2
15263.515,0.264,0.285,0.875,6.5,13.73,48.13,0,2
15263.531,0.25,0.276,0.879,1.95,16.36,47.24,0,2
15263.531,0.239,0.277,0.89,-3.23,18.31,46.14,0,2
15263.546,0.237,0.283,0.902,-8.0,19.65,44.89,0,2
15263.546,0.236,0.281,0.903,-11.51,20.17,43.92,0,2
15263.562,0.233,0.281,0.902,-14.16,20.48,43.03,0,2
15263.578,0.232,0.285,0.904,-15.59,20.66,42.36,0,2
15263.578,0.22,0.283,0.898,-16.08,19.17,42.85,0,2
15263.593,0.208,0.3,0.885,-16.24,17.61,42.94,0,2
15263.609,0.211,0.303,0.873,-17.33,18.62,41.96,0,2
15263.609,0.189,0.329,0.853,-19.81,21.82,39.74,0,2
15263.625,0.185,0.355,0.856,-25.06,27.04,38.45,0,2
15263.64,0.166,0.365,0.872,-31.98,33.23,37.2,0,2
15263.64,0.147,0.379,0.888,-40.59,38.42,36.23,0,2
15263.656,0.14,0.39,0.908,-49.17,42.82,36.26,0,2
15263.671,0.124,0.378,0.941,-55.51,46.85,37.39,0,2
15263.671,0.099,0.354,0.991,-60.49,49.93,39.83,0,2
15263.687,0.081,0.327,1.042,-62.69,49.59,42.88,0,2
15263.687,0.066,0.293,1.077,-59.82,46.63,46.42,0,2
15263.703,0.045,0.284,1.092,-52.86,40.59,50.42,0,2
15263.718,0.031,0.289,1.086,-43.55,32.01,54.05,0,2
15263.718,0.022,0.277,1.069,-33.6,23.22,57.99,0,2
15263.734,0.014,0.262,1.048,-23.5,16.36,62.75,0,2
15263.75,0.015,0.239,1.03,-13.34,12.79,67.51,0,2
15263.75,0.023,0.218,1.019,-3.33,13.12,71.6,0,2
15263.765,0.026,0.198,1.019,5.65,16.51,73.98,0,2
15263.781,0.032,0.182,1.029,13.15,21.73,74.31,0,2
15263.781,0.033,0.173,1.049,19.29,27.04,72.85,0,2
15263.796,0.017,0.165,1.071,24.35,29.33,70.68,0,2
15263.796,-0.001,0.184,1.078,27.77,25.85,68.03,0,2
15263.812,-0.011,0.218,1.063,28.11,15.99,64.61,0,2
15263.828,-0.015,0.236,1.032,24.78,1.13,60.06,0,2
15263.828,-0.016,0.249,1.001,18.22,-15.87,55.51,0,2
15263.843,-0.01,0.266,0.975,9.58,-31.74,50.84,0,2
15263.859,-0.0,0.251,0.945,1.59,-45.32,46.08,0,2
15263.859,0.001,0.216,0.925,-3.88,-54.96,41.99,0,2
15263.875,0.02,0.198,0.915,-5.04,-59.6,38.45,0,2
15263.89,0.036,0.176,0.91,-2.56,-60.18,34.36,0,2
15263.89,0.047,0.134,0.907,3.14,-58.9,29.94,0,2
15263.906,0.051,0.132,0.897,11.05,-56.31,25.39,0,2
15263.921,0.039,0.174,0.88,17.12,-53.71,18.68,0,2
15263.921,0.022,0.194,0.866,10.86,-52.4,2.69,0,2
15263.937,-0.003,0.235,0.863,-2.2,-55.36,-5.46,0,2
15263.937,-0.018,0.261,0.851,-18.71,-60.91,-13.61,0,2
15263.953,-0.029,0.262,0.858,-31.59,-67.08,-20.23,0,2
15263.968,-0.034,0.231,0.901,-36.01,-73.92,-25.21,0,2
15263.984,-0.027,0.193,0.912,-31.31,-79.01,-28.5,0,2
15263.984,-0.024,0.173,0.924,-17.03,-81.24,-30.79,0,2
15264.0,-0.018,0.152,0.915,4.33,-80.14,-32.53,0,2
15264.0,-0.013,0.139,0.897,28.26,-74.62,-34.0,0,2
15264.015,-0.002,0.168,0.88,50.14,-64.79,-36.47,0,2
15264.031,0.001,0.204,0.856,66.59,-53.29,-40.31,0,2
15264.031,-0.02,0.256,0.844,75.35,-41.72,-44.22,0,2
15264.046,-0.059,0.348,0.85,74.07,-32.96,-47.82,0,2
15264.046,-0.079,0.408,0.857,62.04,-30.46,-51.39,0,2
15264.062,-0.101,0.43,0.867,43.46,-32.96,-55.24,0,2
15264.078,-0.125,0.451,0.891,23.35,-37.39,-58.69,0,2
15264.078,-0.132,0.452,0.916,5.4,-42.33,-62.2,0,2
15264.109,-0.108,0.391,0.967,-13.95,-49.38,-64.21,0,2
15264.109,-0.089,0.368,0.98,-12.15,-48.43,-61.74,0,2
15264.125,-0.081,0.346,0.981,-2.32,-43.49,-57.86,0,2
15264.14,-0.083,0.368,0.977,10.77,-35.1,-54.29,0,2
15264.14,-0.072,0.387,0.969,23.65,-24.84,-51.24,0,2
15264.156,-0.082,0.384,0.964,35.22,-13.79,-47.27,0,2
15264.171,-0.092,0.418,0.97,43.7,-3.94,-43.37,0,2
15264.171,-0.094,0.438,0.972,48.86,3.17,-39.95,0,2
15264.187,-0.101,0.444,0.972,50.36,7.23,-35.98,0,2
15264.187,-0.092,0.456,0.976,48.89,8.33,-32.35,0,2
15264.203,-0.071,0.457,0.975,45.84,6.9,-29.54,0,2
15264.218,-0.051,0.46,0.97,41.47,4.67,-27.99,0,2
15264.218,-0.038,0.471,0.961,35.95,3.08,-27.77,0,2
15264.234,-0.033,0.48,0.955,28.81,2.75,-28.35,0,2
15264.25,-0.021,0.476,0.96,20.54,4.18,-28.11,0,2
15264.265,-0.018,0.463,0.974,12.24,6.32,-26.95,0,2
15264.281,0.003,0.432,0.999,2.9,10.1,-24.05,0,2
15264.281,0.005,0.421,1.011,1.71,12.24,-24.08,0,2
15264.296,0.005,0.422,1.021,1.74,13.28,-24.02,0,2
15264.296,0.009,0.428,1.022,2.84,13.09,-23.38,0,2
15264.312,0.019,0.433,1.026,4.73,11.96,-21.7,0,2
15264.328,0.041,0.436,1.03,7.2,10.41,-19.04,0,2
15264.328,0.061,0.438,1.027,9.58,8.85,-16.72,0,2
15264.343,0.08,0.438,1.02,11.87,7.17,-15.29,0,2
15264.359,0.095,0.443,1.009,14.16,4.85,-14.59,0,2
15264.359,0.099,0.448,0.991,16.42,1.92,-14.59,0,2
15264.375,0.097,0.462,0.976,17.18,-1.04,-15.08,0,2
15264.39,0.091,0.475,0.954,16.51,-4.06,-16.48,0,2
15264.39,0.08,0.487,0.937,14.19,-6.56,-17.76,0,2
15264.406,0.072,0.5,0.922,10.71,-8.73,-18.28,0,2
15264.421,0.074,0.501,0.909,6.93,-10.25,-17.91,0,2
15264.421,0.088,0.499,0.899,3.6,-11.08,-17.27,0,2
15264.437,0.097,0.487,0.88,3.88,-11.93,-16.48,0,2
15264.453,0.089,0.493,0.871,6.04,-11.11,-16.42,0,2
15264.468,0.078,0.5,0.866,7.23,-9.52,-16.42,0,2
15264.484,0.078,0.508,0.863,6.74,-7.6,-16.42,0,2
15264.484,0.068,0.509,0.861,4.85,-5.95,-16.14,0,2
15264.5,0.08,0.489,0.86,2.47,-5.22,-14.98,0,2
15264.5,0.093,0.498,0.86,1.22,-5.37,-14.62,0,2
15264.515,0.098,0.492,0.847,1.92,-4.52,-15.08,0,2
15264.531,0.093,0.489,0.835,2.26,-2.62,-14.4,0,2
15264.531,0.087,0.505,0.836,2.59,-0.61,-13.89,0,2
15264.546,0.078,0.495,0.837,2.41,0.79,-12.7,0,2
15264.562,0.073,0.486,0.843,2.11,0.21,-11.26,0,2
15264.562,0.067,0.503,0.848,2.32,-1.25,-11.23,0,2
15264.578,0.069,0.49,0.853,1.74,-2.62,-10.93,0,2
15264.578,0.067,0.486,0.848,1.65,-2.29,-9.22,0,2
15264.593,0.068,0.487,0.846,1.83,-2.04,-9.49,0,2
15264.609,0.055,0.475,0.848,-1.37,-2.47,-9.16,0,2
15264.625,0.059,0.459,0.855,-2.81,-2.08,-7.9,0,2
15264.64,0.062,0.443,0.869,-3.11,-1.53,-8.12,0,2
15264.64,0.066,0.434,0.876,-2.72,-1.37,-10.25,0,2
15264.656,0.069,0.43,0.882,-2.59,-1.04,-13.28,0,2
15264.656,0.059,0.435,0.888,-2.99,-0.37,-16.02,0,2
15264.671,0.058,0.418,0.897,-4.49,-0.7,-17.0,0,2
15264.687,0.058,0.451,0.907,-5.71,-2.35,-16.66,0,2
15264.687,0.086,0.477,0.903,-4.76,-4.79,-17.61,0,2
15264.703,0.065,0.472,0.89,-3.69,-7.39,-18.07,0,2
15264.718,0.063,0.486,0.888,-3.54,-10.5,-18.34,0,2
15264.718,0.098,0.505,0.888,-2.93,-13.4,-17.52,0,2
15264.734,0.079,0.517,0.879,-0.85,-13.58,-18.04,0,2
15264.75,0.068,0.492,0.882,-1.4,-13.34,-16.51,0,2
15264.75,0.077,0.498,0.885,-2.75,-13.86,-13.25,0,2
15264.765,0.101,0.523,0.882,-1.13,-14.44,-12.39,0,2
15264.781,0.115,0.496,0.874,3.94,-13.98,-11.75,0,2
15264.796,0.105,0.51,0.87,6.62,-12.09,-12.63,0,2
15264.796,0.088,0.514,0.87,7.08,-9.61,-12.85,0,2
15264.812,0.083,0.519,0.875,4.27,-7.26,-11.35,0,2
15264.828,0.089,0.51,0.881,0.89,-6.04,-9.03,0,2
15264.828,0.104,0.496,0.883,-1.01,-6.01,-6.41,0,2
15264.843,0.116,0.488,0.881,-0.98,-6.59,-4.67,0,2
15264.859,0.119,0.466,0.88,0.27,-6.32,-4.27,0,2
15264.859,0.116,0.454,0.882,0.92,-5.8,-5.13,0,2
15264.875,0.105,0.458,0.886,0.52,-4.97,-6.71,0,2
15264.89,0.089,0.459,0.891,-1.68,-3.51,-7.81,0,2
15264.89,0.078,0.453,0.9,-5.16,-2.56,-7.29,0,2
15264.906,0.065,0.45,0.911,-10.62,-2.59,-5.77,0,2
15264.906,0.059,0.441,0.923,-12.24,-3.27,-6.04,0,2
15264.921,0.062,0.42,0.931,-12.15,-4.15,-7.05,0,2
15264.937,0.065,0.403,0.938,-10.62,-5.1,-8.51,0,2
15264.953,0.075,0.391,0.937,-8.88,-6.44,-9.95,0,2
15264.953,0.074,0.393,0.927,-7.39,-7.75,-11.29,0,2
15264.968,0.072,0.397,0.914,-6.71,-8.61,-12.36,0,2
15264.968,0.069,0.395,0.897,-6.78,-8.73,-13.06,0,2
15264.984,0.068,0.4,0.886,-7.29,-7.93,-13.89,0,2
15265.0,0.078,0.402,0.872,-8.33,-6.5,-15.11,0,2
15265.0,0.087,0.398,0.859,-9.4,-4.36,-16.39,0,2
15265.015,0.093,0.397,0.849,-10.01,-1.59,-17.46,0,2
15265.031,0.1,0.398,0.847,-9.8,1.53,-18.19,0,2
15265.031,0.097,0.397,0.84,-9.52,4.12,-18.65,0,2
15265.046,0.091,0.406,0.844,-10.07,6.62,-19.44,0,2
15265.046,0.087,0.413,0.85,-11.23,8.21,-19.96,0,2
15265.062,0.084,0.413,0.851,-13.21,7.93,-19.78,0,2
15265.078,0.079,0.416,0.85,-15.08,6.84,-19.53,0,2
15265.093,0.076,0.416,0.85,-16.51,6.04,-19.87,0,2
15265.093,0.073,0.421,0.853,-18.01,5.92,-21.12,0,2
15265.109,0.068,0.422,0.851,-18.86,6.53,-22.22,0,2
15265.109,0.056,0.428,0.855,-18.86,8.0,-22.46,0,2
15265.125,0.049,0.436,0.861,-18.31,9.31,-21.24,0,2
15265.14,0.042,0.432,0.865,-17.03,10.25,-19.44,0,2
15265.14,0.032,0.428,0.874,-15.2,11.57,-18.31,0,2
15265.156,0.035,0.434,0.885,-14.44,13.34,-18.4,0,2
15265.171,0.028,0.44,0.892,-13.92,15.11,-19.26,0,2
15265.171,0.011,0.447,0.904,-14.01,16.42,-19.44,0,2
15265.187,-0.001,0.452,0.918,-14.62,16.33,-17.64,0,2
15265.187,-0.006,0.453,0.929,-14.83,14.83,-15.02,0,2
15265.203,-0.014,0.445,0.93,-13.46,12.51,-12.24,0,2
15265.218,-0.019,0.435,0.932,-10.71,10.07,-8.79,0,2
15265.218,-0.022,0.431,0.934,-7.05,8.42,-5.86,0,2
15265.234,-0.022,0.432,0.933,-3.81,7.63,-3.91,0,2
15265.25,-0.011,0.427,0.926,-1.4,7.72,-2.56,0,2
15265.265,-0.007,0.429,0.918,0.21,9.0,-1.74,0,2
15265.265,-0.004,0.428,0.914,0.55,10.8,-1.13,0,2
15265.265,0.005,0.42,0.912,0.15,12.3,-0.79,0,2
15265.281,0.009,0.414,0.913,-0.67,13.7,-1.07,0,2
15265.296,0.018,0.409,0.912,-1.53,14.77,-1.74,0,2
15265.296,0.034,0.402,0.907,-2.66,15.26,-2.66,0,2
15265.312,0.048,0.397,0.897,-3.69,16.11,-3.57,0,2
15265.328,0.056,0.387,0.886,-4.52,17.79,-4.79,0,2
15265.343,0.051,0.374,0.892,-5.19,20.69,-5.34,0,2
15265.343,0.036,0.381,0.907,-6.23,23.47,-5.16,0,2
15265.359,0.021,0.373,0.92,-7.42,24.9,-4.03,0,2
15265.359,0.016,0.356,0.945,-7.69,25.24,-2.75,0,2
15265.375,0.006,0.356,0.962,-7.17,24.2,-3.05,0,2
15265.39,0.002,0.356,0.974,-6.13,21.64,-4.58,0,2
15265.39,-0.003,0.359,0.98,-5.49,17.7,-6.26,0,2
15265.406,-0.012,0.367,0.975,-5.49,13.12,-7.72,0,2
15265.421,-0.007,0.364,0.968,-5.89,8.06,-8.51,0,2
15265.421,-0.002,0.354,0.954,-6.04,3.57,-9.13,0,2
15265.437,0.004,0.341,0.938,-5.86,0.34,-10.04,0,2
15265.437,0.011,0.323,0.916,-4.3,-0.89,-11.02,0,2
15265.453,0.009,0.315,0.9,-2.5,-0.03,-12.57,0,2
15265.468,0.003,0.325,0.904,-1.22,1.16,-14.56,0,2
15265.468,-0.011,0.336,0.899,-1.77,1.46,-16.66,0,2
15265.484,-0.012,0.336,0.881,-3.51,2.38,-19.68,0,2
15265.5,-0.023,0.338,0.871,-5.52,4.88,-22.74,0,2
15265.5,-0.031,0.35,0.874,-8.06,7.45,-24.26,0,2
15265.515,-0.026,0.347,0.867,-8.88,10.19,-24.05,0,2
15265.531,-0.028,0.338,0.855,-7.35,13.61,-23.19,0,2
15265.531,-0.042,0.341,0.85,-4.24,17.21,-21.7,0,2
15265.546,-0.048,0.354,0.85,-0.18,19.78,-18.74,0,2
15265.562,-0.053,0.369,0.848,3.94,20.91,-15.2,0,2
15265.562,-0.083,0.384,0.861,7.05,20.84,-11.78,0,2
15265.578,-0.129,0.449,0.931,3.14,15.02,-6.01,0,2
15265.578,-0.119,0.465,0.967,-5.92,2.17,-1.13,0,2
15265.593,-0.129,0.421,0.955,-12.3,-8.45,-0.37,0,2
15265.609,-0.052,0.348,0.895,-14.31,-12.94,-1.8,0,2
15265.609,-0.191,0.344,0.934,-11.2,-6.47,-5.8,0,2
15265.625,-0.173,0.517,1.057,-19.44,-7.05,-2.23,0,2
15265.64,-0.141,0.428,1.057,-18.19,-10.44,3.6,0,2
15265.64,-0.146,0.352,1.039,-12.45,-9.43,6.47,0,2
15265.656,-0.083,0.371,1.032,-6.93,-5.34,7.51,0,2
15265.671,-0.074,0.348,1.01,4.33,1.31,5.83,0,2
15265.671,-0.067,0.356,0.993,14.16,6.44,5.19,0,2
15265.687,-0.051,0.39,0.975,20.29,8.64,5.77,0,2
15265.703,-0.049,0.399,0.963,22.71,8.33,5.95,0,2
15265.703,-0.057,0.405,0.96,21.18,5.58,6.07,0,2
15265.718,-0.058,0.418,0.958,16.94,1.07,6.23,0,2
15265.718,-0.065,0.408,0.953,12.94,-3.72,6.32,0,2
15265.734,-0.076,0.414,0.951,9.19,-7.29,6.1,0,2
15265.75,-0.087,0.445,0.978,5.25,-10.53,7.08,0,2
15265.75,-0.01,0.409,0.936,2.5,-15.41,9.43,0,2
15265.765,-0.043,0.334,0.872,10.13,-11.66,7.66,0,2
15265.781,-0.037,0.409,0.897,11.63,-7.2,7.6,0,2
15265.781,-0.038,0.418,0.913,10.96,-6.62,8.73,0,2
15265.796,-0.051,0.421,0.888,10.8,-7.39,10.56,0,2
15265.796,-0.034,0.4,0.879,12.48,-6.47,12.57,0,2
15265.812,-0.031,0.412,0.892,8.97,-7.02,12.27,0,2
15265.828,-0.02,0.4,0.891,6.13,-8.55,11.72,0,2
15265.828,-0.019,0.38,0.88,4.55,-9.61,10.74,0,2
15265.843,-0.019,0.382,0.882,2.41,-9.46,9.55,0,2
15265.859,-0.016,0.381,0.887,0.27,-8.94,8.27,0,2
15265.859,-0.015,0.369,0.888,-1.59,-8.64,7.11,0,2
15265.875,-0.007,0.363,0.888,-2.44,-8.18,6.41,0,2
15265.89,-0.005,0.36,0.888,-1.56,-7.11,5.89,0,2
15265.89,-0.01,0.36,0.895,0.76,-4.27,4.94,0,2
15265.906,-0.014,0.363,0.901,1.95,-3.85,4.52,0,2
15265.921,-0.014,0.365,0.903,3.14,-3.42,4.09,0,2
15265.921,-0.008,0.365,0.894,4.09,-2.69,3.91,0,2
15265.937,-0.009,0.366,0.888,6.01,-1.19,4.18,0,2
15265.937,-0.013,0.367,0.882,8.58,1.13,4.46,0,2
15265.953,-0.019,0.375,0.879,10.65,3.6,4.73,0,2
15265.968,-0.026,0.383,0.882,11.14,5.89,4.58,0,2
15265.968,-0.034,0.394,0.889,9.06,6.59,3.57,0,2
15265.984,-0.041,0.397,0.896,5.1,5.43,2.69,0,2
15266.0,-0.044,0.397,0.906,0.24,3.36,1.77,0,2
15266.0,-0.047,0.396,0.92,-3.91,0.92,0.52,0,2
15266.015,-0.047,0.39,0.93,-6.53,-1.89,-0.73,0,2
15266.031,-0.045,0.386,0.934,-6.84,-4.36,-1.4,0,2
15266.031,-0.044,0.385,0.931,-5.16,-5.8,-1.46,0,2
15266.046,-0.046,0.388,0.926,-2.32,-5.95,-1.16,0,2
15266.062,-0.041,0.391,0.919,0.64,-5.31,-0.64,0,2
15266.062,-0.04,0.395,0.913,3.36,-4.03,0.03,0,2
15266.078,-0.036,0.404,0.905,5.04,-2.08,0.61,0,2
15266.078,-0.033,0.408,0.903,5.25,-0.52,0.79,0,2
15266.093,-0.028,0.408,0.903,4.58,0.34,0.89,0,2
15266.109,-0.025,0.411,0.901,3.6,0.61,0.98,0,2
15266.109,-0.021,0.413,0.899,2.08,0.37,0.98,0,2
15266.125,-0.02,0.413,0.898,0.52,-0.09,0.64,0,2
15266.14,-0.019,0.408,0.9,-0.7,-0.52,0.52,0,2
15266.156,-0.02,0.401,0.905,-0.98,-0.06,1.13,0,2
15266.156,-0.02,0.394,0.912,0.09,0.49,1.59,0,2
15266.171,-0.02,0.391,0.918,1.65,1.1,2.11,0,2
15266.187,-0.022,0.394,0.919,3.48,1.28,2.47,0,2
15266.187,-0.022,0.398,0.919,4.55,1.16,2.32,0,2
15266.203,-0.018,0.399,0.913,4.7,0.76,1.77,0,2
15266.218,-0.014,0.407,0.905,3.63,0.34,1.04,0,2
15266.218,-0.013,0.414,0.906,1.92,0.27,0.52,0,2
15266.234,-0.013,0.43,0.911,-0.15,0.31,0.37,0,2
15266.25,-0.007,0.443,0.918,-2.14,0.0,0.89,0,2
15266.25,0.007,0.453,0.928,-2.99,-0.37,2.23,0,2
15266.265,0.013,0.463,0.933,-2.62,-0.46,4.21,0,2
15266.281,0.023,0.461,0.939,-1.1,-0.49,6.68,0,2
15266.281,0.034,0.461,0.941,1.16,0.34,9.09,0,2
15266.296,0.04,0.465,0.939,3.54,1.74,11.26,0,2
15266.296,0.048,0.468,0.936,5.19,3.54,13.09,0,2
15266.312,0.054,0.476,0.936,5.43,5.31,14.77,0,2
15266.328,0.055,0.477,0.938,4.79,6.53,15.99,0,2
15266.328,0.052,0.479,0.933,3.81,7.2,17.55,0,2
15266.343,0.055,0.484,0.923,1.98,6.93,19.81,0,2
15266.359,0.059,0.477,0.915,0.0,5.92,21.85,0,2
15266.359,0.068,0.454,0.902,-0.89,5.13,23.38,0,2
15266.375,0.077,0.433,0.89,-0.03,5.13,24.87,0,2
15266.39,0.078,0.424,0.865,1.86,6.1,26.25,0,2
15266.39,0.067,0.422,0.849,3.72,8.85,27.19,0,2
15266.406,0.048,0.427,0.849,6.35,12.82,27.44,0,2
15266.421,0.031,0.448,0.847,6.84,16.42,27.34,0,2
15266.421,0.018,0.45,0.847,5.4,18.59,27.07,0,2
15266.437,0.01,0.442,0.843,1.8,19.81,26.76,0,2
15266.437,0.011,0.433,0.852,-1.56,20.29,26.61,0,2
15266.453,0.013,0.414,0.866,-3.3,19.65,26.15,0,2
15266.468,0.009,0.394,0.868,-3.51,18.37,25.67,0,2
15266.484,0.004,0.389,0.869,-3.39,17.49,24.99,0,2
15266.484,0.005,0.386,0.877,-2.17,17.03,23.87,0,2
15266.5,-0.008,0.383,0.882,-0.4,16.33,21.73,0,2
15266.5,-0.02,0.383,0.869,-0.82,15.29,19.17,0,2
15266.515,-0.023,0.384,0.871,-2.78,14.5,18.1,0,2
15266.531,-0.03,0.388,0.864,-3.85,14.86,18.01,0,2
15266.531,-0.044,0.395,0.859,-5.13,17.06,18.34,0,2
15266.546,-0.05,0.39,0.864,-5.31,20.17,19.01,0,2
15266.546,-0.049,0.378,0.876,-3.51,22.52,19.2,0,2
15266.562,-0.046,0.361,0.884,0.12,22.89,18.43,0,2
15266.578,-0.055,0.359,0.88,3.6,21.24,16.66,0,2
15266.578,-0.054,0.366,0.88,4.82,18.22,14.37,0,2
15266.593,-0.055,0.369,0.858,3.39,14.56,11.41,0,2
15266.609,-0.06,0.375,0.844,-2.11,11.32,8.42,0,2
15266.609,-0.06,0.362,0.847,-8.61,8.85,6.16,0,2
15266.625,-0.057,0.337,0.843,-13.49,6.71,3.94,0,2
15266.64,-0.058,0.328,0.851,-15.99,7.2,1.13,0,2
15266.64,-0.057,0.323,0.855,-16.66,9.46,-2.99,0,2
15266.656,-0.072,0.321,0.858,-17.0,12.36,-7.08,0,2
15266.671,-0.091,0.327,0.859,-18.37,16.17,-10.41,0,2
15266.671,-0.095,0.335,0.875,-20.87,19.1,-12.85,0,2
15266.687,-0.093,0.322,0.867,-22.77,20.54,-15.75,0,2
15266.687,-0.095,0.305,0.836,-25.36,22.13,-17.98,0,2
15266.703,-0.095,0.304,0.824,-26.37,25.12,-18.19,0,2
15266.718,-0.117,0.295,0.825,-23.35,29.85,-16.91,0,2
15266.718,-0.142,0.292,0.813,-19.84,34.49,-14.34,0,2
15266.734,-0.179,0.302,0.825,-14.77,40.68,-11.35,0,2
15266.75,-0.363,0.369,1.069,-6.26,46.21,-7.39,0,2
15266.75,-0.597,0.458,1.511,6.56,30.88,-0.12,0,2
15266.765,-0.57,0.387,1.566,19.41,-11.75,13.76,0,2
15266.781,-0.38,0.351,1.144,7.78,-51.06,9.03,0,2
15266.781,-0.347,0.357,0.974,-7.39,-44.13,1.59,0,2
15266.796,-0.308,0.267,0.999,-1.5,-14.16,-1.62,0,2
15266.796,-0.386,0.302,1.043,12.7,9.61,-3.75,0,2
15266.812,-0.424,0.394,1.099,27.13,20.26,0.24,0,2
15266.828,-0.346,0.375,1.203,39.86,18.4,6.74,0,2
15266.843,-0.408,0.33,1.099,34.76,-0.76,-6.44,0,2
15266.843,-0.426,0.394,1.145,29.79,-19.32,-10.01,0,2
15266.859,-0.316,0.379,1.101,28.2,-43.09,-3.14,0,2
15266.859,-0.288,0.352,1.019,19.14,-65.03,-1.68,0,2
15266.875,-0.193,0.288,0.942,3.27,-84.57,-10.83,0,2
15266.89,-0.133,0.262,0.888,4.67,-81.12,-17.94,0,2
15266.89,-0.075,0.272,0.836,6.81,-72.6,-22.46,0,2
15266.906,0.003,0.341,0.748,9.19,-62.2,-24.02,0,2
15266.906,0.045,0.387,0.756,12.21,-54.02,-22.68,0,2
15266.921,0.083,0.439,0.749,15.44,-50.2,-20.97,0,2
15266.937,0.096,0.485,0.732,16.79,-49.47,-19.29,0,2
15266.953,0.116,0.53,0.71,15.17,-49.56,-17.94,0,2
15266.953,0.132,0.568,0.684,11.32,-48.19,-17.7,0,2
15266.968,0.136,0.589,0.682,4.64,-44.65,-17.06,0,2
15266.968,0.154,0.605,0.693,-3.36,-39.8,-15.47,0,2
15266.984,0.17,0.593,0.699,-9.74,-34.09,-13.52,0,2
15267.0,0.181,0.577,0.699,-12.57,-27.44,-10.25,0,2
15267.0,0.193,0.571,0.695,-11.84,-19.75,-5.49,0,2
15267.015,0.208,0.544,0.71,-8.21,-11.66,-0.34,0,2
15267.031,0.214,0.512,0.707,-2.87,-4.88,4.46,0,2
15267.031,0.225,0.493,0.703,2.5,0.58,8.24,0,2
15267.046,0.228,0.453,0.691,6.59,4.73,9.92,0,2
15267.046,0.231,0.423,0.682,7.6,8.09,8.61,0,2
15267.062,0.227,0.393,0.666,6.23,12.15,5.19,0,2
15267.078,0.212,0.357,0.667,1.22,17.03,0.31,0,2
15267.078,0.195,0.325,0.681,-6.62,22.55,-5.31,0,2
15267.093,0.162,0.3,0.702,-15.72,28.63,-11.69,0,2
15267.109,0.131,0.286,0.738,-24.75,35.68,-19.04,0,2
15267.109,0.091,0.281,0.771,-31.89,44.19,-26.61,0,2
15267.125,0.018,0.309,0.811,-36.26,54.9,-32.38,0,2
15267.14,-0.053,0.353,0.89,-39.06,63.57,-33.3,0,2
15267.14,-0.121,0.376,0.979,-37.23,67.78,-29.51,0,2
15267.156,-0.227,0.381,1.121,-30.27,66.29,-22.55,0,2
15267.171,-0.355,0.536,1.386,-31.68,48.01,-11.44,0,2
15267.171,-0.365,0.594,1.537,-35.13,10.1,-0.09,0,2
15267.187,-0.265,0.472,1.472,-29.27,-29.02,6.04,0,2
15267.187,-0.17,0.324,1.3,-10.01,-47.88,4.79,0,2
15267.203,-0.068,0.316,1.14,14.16,-46.54,1.46,0,2
15267.218,-0.036,0.347,1.0,37.26,-31.53,1.43,0,2
15267.218,-0.04,0.393,0.936,52.37,-13.4,4.36,0,2
15267.234,-0.039,0.456,0.914,54.99,-1.89,7.72,0,2
15267.25,-0.048,0.476,0.904,47.79,2.01,9.0,0,2
15267.25,-0.069,0.467,0.927,33.78,-0.79,7.75,0,2
15267.265,-0.061,0.517,0.959,14.01,-11.02,5.65,0,2
15267.281,0.016,0.406,0.867,5.19,-18.95,3.94,0,2
15267.281,-0.055,0.371,0.857,5.37,-17.55,1.37,0,2
15267.296,-0.036,0.482,0.925,1.31,-19.99,4.64,0,2
15267.312,-0.019,0.451,0.932,-0.61,-25.21,6.74,0,2
15267.312,-0.007,0.374,0.897,-2.84,-29.02,5.25,0,2
15267.328,-0.009,0.383,0.892,-2.66,-28.29,4.03,0,2
15267.328,-0.001,0.39,0.886,-0.09,-26.03,4.36,0,2
15267.343,0.007,0.374,0.882,0.95,-23.32,4.82,0,2
15267.359,0.019,0.368,0.876,1.13,-19.68,4.33,0,2
15267.359,0.025,0.375,0.87,1.8,-15.26,3.17,0,2
15267.375,0.023,0.382,0.867,1.71,-10.99,1.71,0,2
15267.39,0.021,0.39,0.864,0.58,-7.75,-0.09,0,2
15267.39,0.021,0.395,0.863,-0.7,-5.62,-1.62,0,2
15267.406,0.017,0.4,0.862,-1.5,-4.39,-2.2,0,2
15267.421,0.013,0.402,0.861,-1.71,-4.03,-1.92,0,2
15267.421,0.015,0.399,0.861,-1.95,-4.18,-1.53,0,2
15267.437,0.022,0.396,0.856,-2.38,-4.36,-1.28,0,2
15267.453,0.027,0.391,0.851,-2.56,-3.81,-1.4,0,2
15267.453,0.027,0.387,0.848,-2.5,-2.32,-1.92,0,2
15267.468,0.021,0.391,0.85,-2.23,-0.09,-2.38,0,2
15267.468,0.016,0.397,0.858,-2.32,2.04,-2.81,0,2
15267.484,0.012,0.398,0.864,-2.69,3.57,-3.27,0,2
15267.5,0.009,0.4,0.867,-3.66,4.3,-3.72,0,2
15267.5,0.006,0.401,0.872,-4.27,4.67,-3.88,0,2
15267.515,0.008,0.4,0.875,-4.33,5.04,-3.85,0,2
15267.515,0.008,0.402,0.879,-3.75,5.55,-3.33,0,2
15267.531,0.0,0.408,0.886,-2.99,6.35,-2.81,0,2
15267.546,0.0,0.412,0.894,-2.99,7.08,-2.5,0,2
15267.546,-0.004,0.409,0.903,-3.54,7.63,-2.08,0,2
15267.562,-0.006,0.407,0.914,-3.91,7.72,-1.86,0,2
15267.578,-0.004,0.401,0.921,-3.72,7.45,-1.56,0,2
15267.578,-0.001,0.402,0.925,-3.33,6.81,-1.4,0,2
15267.593,-0.002,0.409,0.928,-2.72,6.23,-1.31,0,2
15267.609,0.004,0.414,0.926,-2.75,5.65,-1.53,0,2
15267.609,0.003,0.412,0.927,-3.08,5.07,-1.22,0,2
15267.625,0.001,0.41,0.928,-3.3,4.33,-0.24,0,2
15267.64,0.002,0.395,0.929,-3.3,3.42,0.61,0,2
15267.64,-0.001,0.384,0.928,-2.41,2.53,1.13,0,2
15267.656,-0.008,0.386,0.925,-1.5,2.32,0.58,0,2
15267.656,-0.012,0.385,0.921,-1.46,2.47,-0.18,0,2
15267.671,-0.02,0.386,0.924,-2.04,2.96,-0.49,0,2
15267.687,-0.026,0.386,0.937,-3.51,3.02,-1.37,0,2
15267.703,-0.029,0.38,0.941,-3.23,2.38,-1.53,0,2
15267.718,-0.026,0.383,0.942,-2.14,1.16,-1.31,0,2
15267.718,-0.023,0.384,0.934,-0.76,-0.55,-1.19,0,2
15267.734,-0.015,0.379,0.919,0.31,-2.41,-0.85,0,2
15267.75,-0.006,0.373,0.903,1.43,-4.0,-0.52,0,2
15267.75,0.007,0.365,0.885,2.41,-5.07,-0.09,0,2
15267.765,0.009,0.368,0.868,3.08,-4.7,-0.37,0,2
15267.781,-0.008,0.38,0.864,1.98,-2.66,-1.92,0,2
15267.781,-0.013,0.391,0.87,-1.1,0.03,-3.45,0,2
15267.796,-0.031,0.394,0.885,-4.27,2.53,-4.18,0,2
15267.796,-0.034,0.396,0.901,-6.5,3.63,-3.85,0,2
15267.812,-0.031,0.385,0.913,-6.78,3.51,-3.48,0,2
15267.828,-0.025,0.38,0.912,-4.85,2.56,-3.23,0,2
15267.828,-0.019,0.379,0.901,-2.04,1.28,-2.99,0,2
15267.843,-0.008,0.373,0.886,0.95,0.18,-2.32,0,2
15267.859,0.029,0.366,0.847,8.79,1.16,-1.22,0,2
15267.875,0.043,0.347,0.821,11.63,6.1,-2.81,0,2
15267.89,0.052,0.335,0.784,12.3,14.25,-6.68,0,2
15267.89,0.001,0.354,0.748,9.8,24.02,-10.01,0,2
15267.906,-0.078,0.378,0.82,2.38,33.72,-10.96,0,2
15267.906,-0.123,0.518,1.001,-19.9,29.82,-10.53,0,2
15267.921,-0.135,0.44,1.083,-34.12,18.31,-9.7,0,2
15267.937,-0.259,0.476,1.206,-44.1,3.2,-9.58,0,2
15267.953,-0.139,0.464,1.224,-45.56,-15.17,-3.78,0,2
15267.953,-0.165,0.323,1.137,-22.89,-19.59,-0.31,0,2
15267.968,-0.116,0.342,1.069,0.03,-15.05,2.99,0,2
15267.968,-0.088,0.379,1.013,21.15,-4.52,5.19,0,2
15267.984,-0.092,0.4,0.963,34.73,5.83,5.55,0,2
15268.0,-0.081,0.446,0.931,35.92,11.14,6.74,0,2
15268.0,-0.086,0.449,0.905,30.43,12.12,7.32,0,2
15268.015,-0.088,0.454,0.908,19.44,8.91,7.11,0,2
15268.031,-0.103,0.473,0.956,-4.12,-4.36,6.26,0,2
15268.046,-0.016,0.421,0.913,-9.89,-10.83,7.32,0,2
15268.046,-0.069,0.345,0.892,-3.91,-7.45,5.68,0,2
15268.062,-0.072,0.451,0.958,-4.73,-5.52,7.35,0,2
15268.078,-0.056,0.405,0.972,-3.97,-6.23,8.51,0,2
15268.078,-0.073,0.361,0.996,-0.24,-6.41,11.6,0,2
15268.093,-0.043,0.395,1.021,6.32,-7.2,16.3,0,2
15268.109,-0.026,0.358,1.02,15.72,-6.47,18.19,0,2
15268.125,-0.015,0.363,1.035,22.71,-3.91,17.73,0,2
15268.125,0.001,0.4,1.053,28.26,-1.19,16.48,0,2
15268.14,0.003,0.431,1.06,29.82,0.34,15.63,0,2
15268.14,0.006,0.458,1.08,26.25,-0.34,14.83,0,2
15268.156,0.011,0.475,1.102,20.81,-2.9,14.07,0,2
15268.156,0.02,0.489,1.117,14.34,-7.2,13.15,0,2
15268.171,0.03,0.513,1.13,7.35,-13.0,11.17,0,2
15268.187,0.029,0.537,1.135,0.58,-19.14,9.37,0,2
15268.187,0.036,0.564,1.131,-5.58,-24.93,8.48,0,2
15268.203,0.043,0.587,1.127,-11.32,-29.39,8.76,0,2
15268.218,0.04,0.598,1.129,-15.72,-32.41,10.41,0,2
15268.234,0.024,0.597,1.132,-18.07,-34.15,13.31,0,2
15268.234,0.028,0.596,1.137,-18.22,-35.37,17.06,0,2
15268.25,0.023,0.595,1.136,-15.32,-36.19,20.94,0,2
15268.25,0.036,0.588,1.129,-10.5,-37.54,25.51,0,2
15268.265,0.06,0.579,1.109,-3.14,-38.33,30.61,0,2
15268.281,0.087,0.569,1.079,5.65,-37.97,35.16,0,2
15268.281,0.113,0.574,1.044,12.88,-37.2,39.06,0,2
15268.296,0.13,0.575,1.008,17.46,-36.38,41.99,0,2
15268.296,0.148,0.568,0.973,19.17,-36.19,44.53,0,2
15268.312,0.17,0.555,0.938,19.93,-36.44,46.78,0,2
15268.328,0.191,0.523,0.899,21.64,-37.11,49.17,0,2
15268.328,0.211,0.504,0.859,23.99,-37.17,51.33,0,2
15268.343,0.254,0.487,0.815,26.7,-36.35,53.38,0,2
15268.359,0.298,0.477,0.775,27.28,-34.64,53.96,0,2
15268.375,0.359,0.442,0.708,22.34,-29.24,51.27,0,2
15268.39,0.382,0.412,0.695,19.75,-24.54,49.68,0,2
15268.39,0.387,0.385,0.69,19.68,-18.43,48.04,0,2
15268.406,0.386,0.354,0.69,23.38,-10.96,46.3,0,2
15268.421,0.374,0.327,0.691,30.12,-3.08,45.32,0,2
15268.421,0.359,0.337,0.69,36.44,3.42,42.85,0,2
15268.437,0.356,0.355,0.681,39.12,7.17,37.69,0,2
15268.437,0.34,0.371,0.674,35.68,7.66,31.65,0,2
15268.453,0.334,0.385,0.653,25.3,3.94,26.25,0,2
15268.468,0.339,0.402,0.638,7.72,-3.05,20.87,0,2
15268.468,0.333,0.416,0.635,-13.61,-9.4,14.5,0,2
15268.484,0.309,0.413,0.648,-36.93,-14.1,6.35,0,2
15268.5,0.271,0.368,0.67,-57.22,-15.69,-1.74,0,2
15268.5,0.223,0.322,0.706,-69.52,-13.92,-8.21,0,2
15268.515,0.19,0.283,0.735,-72.02,-9.61,-12.88,0,2
15268.531,0.184,0.256,0.757,-66.41,-2.9,-16.75,0,2
15268.546,0.132,0.276,0.804,-43.37,14.53,-21.0,0,2
15268.562,0.112,0.289,0.83,-33.78,19.56,-19.75,0,2
15268.562,0.087,0.254,0.849,-27.86,20.36,-15.56,0,2
15268.578,0.135,0.299,0.868,-24.72,17.64,-12.82,0,2
15268.578,0.079,0.293,0.864,-23.07,16.57,-16.63,0,2
15268.593,0.061,0.287,0.877,-29.91,16.02,-19.2,0,2
15268.609,0.038,0.293,0.898,-39.83,15.78,-21.94,0,2
15268.609,0.011,0.277,0.911,-48.77,14.71,-23.16,0,2
15268.625,-0.012,0.256,0.922,-53.87,12.02,-23.47,0,2
15268.64,-0.058,0.224,0.937,-54.17,6.47,-23.96,0,2
15268.64,-0.096,0.186,0.937,-49.65,-0.12,-24.11,0,2
15268.656,-0.065,0.185,0.918,-42.57,-8.15,-24.54,0,2
15268.671,-0.04,0.191,0.871,-34.15,-14.89,-26.34,0,2
15268.671,-0.062,0.179,0.82,-26.22,-16.97,-28.6,0,2
15268.687,-0.083,0.196,0.792,-22.25,-17.0,-31.46,0,2
15268.703,-0.089,0.217,0.774,-22.34,-15.69,-35.04,0,2
15268.718,-0.125,0.273,0.759,-32.69,-13.64,-39.89,0,2
15268.718,-0.12,0.303,0.77,-40.53,-14.16,-39.77,0,2
15268.734,-0.106,0.342,0.789,-51.67,-12.57,-37.05,0,2
15268.75,-0.071,0.381,0.817,-67.08,-8.61,-33.57,0,2
15268.75,-0.062,0.407,0.871,-84.14,-1.65,-30.85,0,2
15268.765,-0.086,0.393,0.945,-100.65,6.93,-27.92,0,2
15268.781,-0.083,0.348,1.049,-113.99,10.96,-24.6,0,2
15268.781,-0.046,0.3,1.115,-118.87,4.97,-22.52,0,2
15268.796,0.007,0.266,1.144,-114.44,-5.34,-20.57,0,2
15268.796,0.023,0.243,1.155,-104.56,-13.12,-18.37,0,2
15268.812,0.047,0.226,1.141,-92.96,-18.68,-16.33,0,2
15268.828,0.064,0.214,1.115,-80.97,-22.16,-13.49,0,2
15268.843,0.086,0.188,1.091,-56.03,-15.66,-2.47,0,2
15268.843,0.084,0.162,1.095,-42.76,-12.97,1.83,0,2
15268.859,0.097,0.121,1.095,-28.41,-11.66,3.85,0,2
15268.859,0.103,0.075,1.065,-15.32,-10.01,4.49,0,2
15268.875,0.118,0.039,1.018,-5.25,-8.24,4.61,0,2
15268.89,0.141,0.041,1.004,0.55,-7.11,3.63,0,2
15268.89,0.14,0.042,0.994,1.83,-5.28,1.37,0,2
15268.906,0.174,0.028,0.971,0.09,-5.22,-1.65,0,2
15268.906,0.224,0.048,0.978,-5.98,-2.59,-5.04,0,2
15268.921,0.194,0.065,1.016,-15.66,3.36,-9.19,0,2
15268.937,0.15,0.08,1.06,-24.63,3.94,-12.91,0,2
15268.937,0.105,0.069,1.096,-29.02,-1.68,-13.89,0,2
15268.953,0.087,0.046,1.113,-27.13,-12.63,-12.6,0,2
15268.968,0.14,0.042,1.098,-19.35,-26.7,-11.75,0,2
15268.984,0.215,0.053,1.073,-13.86,-33.27,-11.23,0,2
15268.984,0.195,0.048,1.069,-15.99,-30.76,-11.81,0,2
15269.0,0.192,0.025,1.066,-20.02,-29.54,-13.92,0,2
15269.0,0.172,0.001,1.056,-20.26,-30.95,-15.32,0,2
15269.015,0.181,-0.031,1.024,-14.8,-36.26,-14.19,0,2
15269.031,0.235,-0.035,0.982,-8.39,-40.01,-12.09,0,2
15269.031,0.262,-0.027,0.966,-6.07,-36.01,-11.38,0,2
15269.046,0.254,-0.05,0.934,-6.1,-30.49,-13.82,0,2
15269.062,0.264,-0.083,0.889,-7.35,-24.6,-17.3,0,2
15269.062,0.257,-0.102,0.873,-8.06,-16.39,-20.63,0,2
15269.078,0.262,-0.11,0.871,-7.6,-8.12,-23.1,0,2
15269.078,0.267,-0.121,0.865,-7.78,1.62,-25.09,0,2
15269.093,0.251,-0.127,0.867,-8.67,12.91,-27.71,0,2
15269.109,0.227,-0.125,0.891,-8.36,21.97,-31.74,0,2
15269.109,0.194,-0.125,0.932,-8.48,27.07,-35.58,0,2
15269.125,0.162,-0.133,0.976,-10.01,26.7,-37.93,0,2
15269.14,0.133,-0.127,1.001,-10.86,21.18,-39.7,0,2
15269.14,0.13,-0.145,0.987,-8.85,13.4,-40.89,0,2
15269.156,0.147,-0.154,0.952,-6.41,7.6,-41.11,0,2
15269.171,0.147,-0.15,0.918,-4.61,5.52,-41.75,0,2
15269.171,0.125,-0.172,0.884,-3.11,6.41,-42.48,0,2
15269.187,0.127,-0.181,0.836,-1.98,9.64,-42.91,0,2
15269.187,0.096,-0.187,0.807,-2.11,16.39,-43.58,0,2
15269.203,0.073,-0.187,0.804,-2.29,22.74,-46.17,0,2
15269.218,0.089,-0.144,0.822,-4.0,26.7,-49.26,0,2
15269.218,0.083,-0.119,0.845,-7.11,30.92,-51.64,0,2
15269.234,0.076,-0.093,0.882,-11.2,32.44,-53.29,0,2
15269.25,0.077,-0.045,0.911,-14.07,30.76,-54.29,0,2
15269.265,0.069,-0.014,0.936,-17.46,27.8,-53.96,0,2
15269.265,0.041,-0.012,0.942,-18.16,23.01,-53.9,0,2
15269.281,0.053,0.008,0.941,-15.44,16.97,-53.77,0,2
15269.281,0.09,0.069,0.929,-11.29,13.61,-52.83,0,2
15269.296,0.081,0.096,0.905,-5.46,13.28,-52.31,0,2
15269.312,0.105,0.098,0.887,0.82,12.57,-50.51,0,2
15269.312,0.111,0.153,0.875,5.55,13.7,-48.4,0,2
15269.328,0.076,0.189,0.861,7.9,15.56,-46.57,0,2
15269.328,0.063,0.239,0.855,8.42,16.82,-44.19,0,2
15269.343,0.054,0.28,0.846,8.12,17.24,-41.11,0,2
15269.359,0.062,0.297,0.856,6.9,17.3,-38.42,0,2
15269.375,0.079,0.331,0.873,6.01,17.52,-37.05,0,2
15269.375,0.092,0.358,0.89,4.76,17.61,-36.01,0,2
15269.39,0.095,0.391,0.911,0.98,17.52,-34.61,0,2
15269.39,0.083,0.411,0.949,-5.01,17.43,-32.53,0,2
15269.406,0.071,0.4,0.974,-10.22,15.14,-29.45,0,2
15269.421,0.071,0.395,0.987,-11.6,10.07,-25.7,0,2
15269.421,0.076,0.395,0.997,-9.13,6.01,-21.52,0,2
15269.437,0.08,0.396,0.996,-6.65,4.7,-16.08,0,2
15269.437,0.105,0.374,1.0,-4.64,4.55,-10.19,0,2
15269.453,0.103,0.327,1.022,-1.65,7.29,-5.13,0,2
15269.468,0.089,0.265,1.036,2.84,9.28,-1.04,0,2
15269.468,0.087,0.23,1.052,7.08,9.37,1.43,0,2
15269.484,0.055,0.222,1.047,10.32,7.84,1.31,0,2
15269.5,0.04,0.223,1.04,10.22,4.12,0.06,0,2
15269.5,0.042,0.21,1.031,6.84,-0.55,-1.46,0,2
15269.515,0.055,0.222,1.037,2.35,-3.78,-3.05,0,2
15269.515,0.05,0.224,1.055,-0.85,-4.06,-3.91,0,2
15269.531,0.05,0.186,1.062,-1.77,-4.94,-2.53,0,2
15269.546,0.073,0.184,1.069,-0.76,-4.85,-0.09,0,2
15269.562,0.036,0.184,1.059,6.62,1.04,2.96,0,2
15269.578,0.019,0.206,1.029,10.71,1.83,5.65,0,2
15269.578,0.012,0.218,1.017,12.76,2.53,10.13,0,2
15269.593,0.012,0.22,1.001,10.59,3.08,13.89,0,2
15269.609,0.011,0.19,0.979,7.11,1.95,15.38,0,2
15269.609,0.024,0.135,0.97,4.15,0.52,16.24,0,2
15269.625,0.021,0.113,0.994,-1.16,3.3,16.97,0,2
15269.64,0.001,0.072,0.979,-7.81,4.43,15.78,0,2
15269.64,-0.003,0.077,0.953,-19.26,2.44,12.39,0,2
15269.656,-0.024,0.052,0.964,-34.58,2.29,9.46,0,2
15269.671,-0.023,0.012,0.966,-47.76,0.92,7.29,0,2
15269.671,0.015,-0.013,0.958,-50.9,-0.18,5.95,0,2
15269.687,0.019,-0.028,0.958,-47.58,0.73,3.69,0,2
15269.687,0.019,-0.069,0.973,-39.95,2.62,1.43,0,2
15269.703,0.009,-0.065,0.998,-28.75,6.81,-0.37,0,2
15269.718,-0.008,-0.049,1.025,-16.85,11.23,-1.83,0,2
15269.734,-0.016,-0.002,1.05,6.74,10.13,-5.34,0,2
15269.75,-0.025,0.05,1.041,21.82,6.99,-8.24,0,2
15269.75,-0.027,0.091,1.029,33.69,4.79,-8.45,0,2
15269.765,-0.005,0.132,1.017,38.82,4.39,-6.71,0,2
15269.781,0.005,0.161,1.002,35.86,4.88,-4.58,0,2
15269.781,0.005,0.158,1.008,25.94,5.25,-2.99,0,2
15269.796,-0.007,0.144,1.018,13.46,4.24,-2.04,0,2
15269.796,-0.145,0.132,1.158,8.82,4.61,1.34,0,2
15269.812,-0.032,0.002,1.161,32.99,7.75,16.69,0,2
15269.828,-0.049,0.183,1.094,45.96,-2.2,10.56,0,2
15269.828,-0.015,0.147,1.051,33.75,-0.49,0.73,0,2
15269.843,-0.035,0.173,1.03,20.66,2.08,-4.46,0,2
15269.859,-0.11,0.146,1.148,17.49,7.39,-0.34,0,2
15269.859,-0.126,0.176,1.197,18.13,8.21,7.81,0,2
15269.875,-0.097,0.162,1.204,17.49,3.42,14.74,0,2
15269.89,-0.091,0.184,1.153,14.07,-4.12,16.45,0,2
15269.906,-0.152,0.212,1.007,-6.07,-18.95,14.1,0,2
15269.921,-0.147,0.211,0.997,-22.19,-23.19,16.42,0,2
15269.921,-0.079,0.149,1.017,-36.74,-26.61,19.04,0,2
15269.937,-0.008,0.095,1.038,-44.25,-31.01,20.02,0,2
15269.937,0.022,0.033,1.038,-43.86,-35.22,19.53,0,2
15269.953,0.027,0.001,1.018,-37.69,-39.64,18.56,0,2
15269.968,0.028,0.003,0.993,-27.77,-42.09,17.27,0,2
15269.984,0.0,0.019,0.987,-18.52,-43.09,17.09,0,2
15269.984,-0.027,0.056,1.007,-13.06,-44.92,20.23,0,2
15270.0,0.013,0.062,1.036,-9.67,-48.1,24.93,0,2
15270.0,0.021,0.087,1.061,-1.37,-45.84,29.21,0,2
15270.015,-0.018,0.066,1.078,11.75,-41.66,32.75,0,2
15270.031,-0.031,0.079,1.069,24.14,-43.95,35.34,0,2
15270.031,-0.015,0.08,1.057,38.97,-47.52,34.76,0,2
15270.046,0.008,0.096,1.05,55.09,-50.42,30.34,0,2
15270.046,0.033,0.131,1.026,68.21,-50.23,24.87,0,2
15270.078,0.083,0.264,0.94,76.17,-46.63,13.86,0,2
15270.078,0.097,0.367,0.882,70.28,-45.63,9.0,0,2
15270.093,0.072,0.431,0.844,57.22,-43.09,7.2,0,2
15270.109,0.053,0.464,0.822,40.41,-40.74,8.85,0,2
15270.109,0.095,0.491,0.83,20.97,-38.85,12.51,0,2
15270.125,0.127,0.519,0.854,0.21,-35.22,16.45,0,2
15270.14,0.17,0.497,0.887,-17.94,-29.76,21.39,0,2
15270.14,0.234,0.422,0.938,-31.65,-24.45,27.71,0,2
15270.156,0.245,0.375,0.97,-39.34,-22.03,33.51,0,2
15270.171,0.224,0.299,0.977,-39.8,-19.99,38.3,0,2
15270.171,0.214,0.224,0.99,-37.87,-19.96,40.93,0,2
15270.187,0.23,0.198,0.989,-36.16,-21.45,39.52,0,2
15270.187,0.251,0.187,0.976,-36.16,-18.83,35.83,0,2
15270.203,0.244,0.163,0.987,-39.34,-11.87,32.2,0,2
15270.218,0.237,0.145,0.99,-41.63,-5.46,28.72,0,2
15270.218,0.249,0.147,0.986,-40.89,-2.01,26.03,0,2
15270.25,0.256,0.151,0.986,-26.83,4.88,26.28,0,2
15270.25,0.241,0.146,0.983,-17.18,9.55,31.37,0,2
15270.265,0.235,0.127,0.971,-9.22,12.6,37.05,0,2
15270.281,0.227,0.101,0.961,-4.33,14.4,40.99,0,2
15270.281,0.219,0.067,0.945,-3.97,15.9,43.03,0,2
15270.296,0.202,0.031,0.933,-5.89,16.63,44.5,0,2
15270.296,0.189,0.007,0.932,-7.63,17.61,46.48,0,2
15270.312,0.171,-0.019,0.934,-9.09,16.24,47.52,0,2
15270.328,0.182,-0.046,0.923,-10.68,11.2,45.17,0,2
15270.328,0.207,-0.059,0.898,-12.67,7.08,41.57,0,2
15270.343,0.234,-0.077,0.881,-14.47,6.99,38.39,0,2
15270.359,0.237,-0.099,0.871,-14.1,9.58,35.89,0,2
15270.359,0.248,-0.118,0.847,-9.89,12.82,33.94,0,2
15270.375,0.243,-0.114,0.826,-3.48,17.76,33.14,0,2
15270.39,0.229,-0.128,0.813,3.63,22.77,32.62,0,2
15270.39,0.221,-0.134,0.8,9.25,27.28,31.53,0,2
15270.421,0.223,-0.158,0.783,14.83,35.07,26.15,0,2
15270.421,0.235,-0.14,0.796,11.51,40.44,23.44,0,2
15270.437,0.217,-0.109,0.831,3.42,45.99,20.91,0,2
15270.437,0.188,-0.125,0.883,-8.18,49.75,20.36,0,2
15270.453,0.157,-0.158,0.947,-19.84,50.33,20.26,0,2
15270.468,0.136,-0.154,1.001,-27.07,46.91,18.34,0,2
15270.468,0.153,-0.149,1.04,-30.73,41.93,14.71,0,2
15270.484,0.148,-0.149,1.073,-31.98,37.48,10.41,0,2
15270.5,0.149,-0.136,1.089,-28.84,31.43,6.2,0,2
15270.515,0.15,-0.119,1.099,-21.21,25.97,3.75,0,2
15270.515,0.12,-0.122,1.097,-8.45,19.99,2.47,0,2
15270.515,0.101,-0.101,1.074,8.12,12.27,2.44,0,2
15270.531,0.1,-0.052,1.037,22.06,6.96,3.85,0,2
15270.546,0.092,-0.036,0.994,30.12,3.91,4.43,0,2
15270.546,0.11,-0.013,0.949,33.51,2.11,3.85,0,2
15270.562,0.129,0.026,0.906,32.23,3.23,2.72,0,2
15270.578,0.141,0.094,0.875,13.67,11.08,2.01,0,2
15270.593,0.125,0.092,0.894,-0.52,16.48,3.97,0,2
15270.609,0.112,0.072,0.949,-14.53,19.84,5.49,0,2
15270.609,0.112,0.04,1.005,-23.53,19.65,5.89,0,2
15270.625,0.1,-0.005,1.029,-26.61,14.74,5.46,0,2
15270.64,0.117,-0.015,1.022,-25.61,6.53,5.98,0,2
15270.64,0.137,-0.024,1.01,-19.62,2.47,7.23,0,2
15270.656,0.142,-0.032,1.007,-13.67,4.55,8.42,0,2
15270.656,0.13,-0.039,1.001,-7.69,8.24,7.72,0,2
15270.671,0.107,-0.046,0.999,-0.15,10.77,6.07,0,2
15270.687,0.113,-0.03,0.996,6.1,11.54,4.33,0,2
15270.687,0.114,0.003,0.985,9.03,11.75,3.2,0,2
15270.703,0.113,0.014,0.979,8.73,11.81,2.78,0,2
15270.718,0.113,0.037,0.991,5.22,12.73,3.17,0,2
15270.718,0.108,0.039,1.011,1.22,13.06,4.06,0,2
15270.734,0.095,0.018,1.061,-1.22,10.56,4.24,0,2
15270.75,0.06,-0.007,1.137,-8.51,-2.9,0.58,0,2
15270.765,0.074,-0.002,1.117,-9.34,-6.74,1.16,0,2
15270.781,0.094,0.009,1.09,-8.03,-6.62,3.23,0,2
15270.781,0.102,-0.003,1.074,-5.89,-4.91,5.25,0,2
15270.796,0.092,-0.04,1.076,-2.41,-4.18,5.31,0,2
15270.796,0.098,-0.079,1.079,1.86,-7.39,1.5,0,2
15270.812,0.093,-0.101,1.069,3.78,-7.42,-1.07,0,2
15270.828,0.071,-0.113,1.054,6.35,-6.96,-3.05,0,2
15270.828,0.043,-0.044,1.028,9.74,-5.77,-3.05,0,2
15270.843,0.026,-0.012,1.018,11.96,-5.71,-1.86,0,2
15270.859,0.045,-0.003,1.019,12.02,-7.51,-0.31,0,2
15270.859,0.06,0.016,1.027,9.74,-9.49,0.37,0,2
15270.875,0.058,-0.01,1.025,8.0,-11.63,1.5,0,2
15270.89,0.064,-0.029,1.017,7.08,-13.7,3.11,0,2
15270.89,0.063,-0.039,1.0,7.97,-14.95,3.27,0,2
15270.906,0.08,-0.019,0.979,8.79,-14.86,2.5,0,2
15270.921,0.082,0.053,0.968,5.43,-9.13,2.14,0,2
15270.937,0.096,0.062,0.969,2.53,-7.72,2.32,0,2
15270.937,0.107,0.062,0.978,-0.31,-7.17,2.56,0,2
15270.953,0.104,0.043,0.989,-2.62,-5.92,2.96,0,2
15270.968,0.106,0.014,1.001,-3.11,-3.57,3.42,0,2
15270.968,0.09,0.007,1.018,-2.35,-1.65,2.9,0,2
15270.984,0.088,0.012,1.03,-0.67,-2.17,1.86,0,2
15271.0,0.086,0.036,1.029,0.64,-4.64,0.98,0,2
15271.015,0.1,0.057,1.029,1.07,-7.57,0.85,0,2
15271.015,0.108,0.078,1.019,-0.18,-9.58,0.61,0,2
15271.031,0.11,0.084,1.011,-0.52,-9.77,1.28,0,2
15271.031,0.112,0.075,1.001,0.4,-8.48,2.44,0,2
15271.046,0.106,0.065,0.994,1.59,-6.41,2.66,0,2
15271.046,0.101,0.06,0.99,2.53,-5.49,1.37,0,2
15271.062,0.094,0.07,0.979,3.72,-5.1,0.24,0,2
15271.078,0.102,0.085,0.987,4.15,-4.27,0.31,0,2
15271.078,0.104,0.087,0.998,1.65,-2.81,0.76,0,2
15271.093,0.108,0.067,1.007,-2.53,-2.66,0.49,0,2
15271.109,0.107,0.041,1.005,-5.07,-3.54,0.34,0,2
15271.109,0.108,0.017,0.993,-5.28,-3.81,0.09,0,2
15271.125,0.117,0.005,0.99,-3.17,-2.84,-0.46,0,2
15271.125,0.113,0.017,0.991,-0.98,-0.7,-1.25,0,2
15271.14,0.113,0.023,0.996,-0.12,0.31,-1.98,0,2
15271.156,0.12,0.024,1.004,-0.82,0.27,-2.44,0,2
15271.156,0.126,0.012,0.996,-1.83,0.98,-2.87,0,2
15271.171,0.135,-0.001,0.978,-2.01,4.12,-3.05,0,2
15271.187,0.117,-0.019,0.995,0.49,6.47,-2.84,0,2
15271.187,0.112,0.003,0.991,1.92,5.4,-3.66,0,2
15271.203,0.098,0.001,0.979,2.81,4.52,-4.64,0,2
15271.218,0.099,0.029,0.979,2.53,3.88,-5.16,0,2
15271.218,0.09,0.054,0.988,0.85,3.45,-4.79,0,2
15271.234,0.094,0.053,1.003,-2.81,1.68,-4.24,0,2
15271.25,0.097,0.047,1.015,-6.16,0.21,-3.2,0,2
15271.25,0.102,0.016,1.02,-6.78,-0.79,-2.47,0,2
15271.265,0.109,0.005,1.011,-4.39,-0.95,-2.56,0,2
15271.281,0.103,0.013,0.994,0.7,-0.37,-3.05,0,2
15271.281,0.104,0.026,0.974,5.04,0.79,-3.33,0,2
15271.296,0.098,0.04,0.96,6.35,2.75,-3.17,0,2
15271.296,0.104,0.051,0.964,4.24,4.27,-2.99,0,2
15271.312,0.101,0.06,0.986,-0.89,5.25,-3.02,0,2
15271.328,0.097,0.042,1.009,-6.16,4.46,-2.56,0,2
15271.328,0.09,0.022,1.017,-8.0,2.23,-1.59,0,2
15271.343,0.087,-0.0,1.006,-5.31,-0.43,-0.79,0,2
15271.359,0.105,0.009,0.981,-0.37,-2.23,-0.92,0,2
15271.359,0.108,0.036,0.963,3.51,-1.1,-1.37,0,2
15271.375,0.1,0.056,0.958,3.69,1.65,-0.98,0,2
15271.39,0.099,0.061,0.977,0.76,3.88,0.09,0,2
15271.39,0.104,0.055,1.001,-3.57,3.97,0.76,0,2
15271.406,0.103,0.029,1.019,-6.56,2.93,1.04,0,2
15271.421,0.096,0.007,1.03,-6.23,2.11,1.25,0,2
15271.421,0.098,-0.001,1.02,-2.44,1.19,0.73,0,2
15271.437,0.099,0.014,0.999,2.35,0.4,-0.15,0,2
15271.437,0.102,0.034,0.982,4.85,0.79,-0.61,0,2
15271.453,0.106,0.042,0.984,4.46,2.5,-0.24,0,2
15271.468,0.101,0.047,0.995,1.56,4.06,0.15,0,2
15271.468,0.094,0.038,1.012,-2.23,4.0,0.55,0,2
15271.484,0.087,0.023,1.029,-4.55,2.59,1.1,0,2
15271.5,0.088,0.012,1.028,-3.97,0.4,1.34,0,2
15271.5,0.089,0.007,1.014,-0.76,-1.16,0.82,0,2
15271.515,0.092,0.025,0.99,2.84,-1.28,0.12,0,2
15271.531,0.102,0.046,0.979,4.43,0.06,0.18,0,2
15271.531,0.088,0.053,0.978,3.45,2.23,0.49,0,2
15271.546,0.081,0.042,0.983,1.25,2.84,0.76,0,2
15271.546,0.077,0.04,0.993,-0.52,3.14,1.01,0,2
15271.562,0.066,0.026,0.997,-0.76,3.45,1.19,0,2
15271.578,0.068,0.018,0.995,0.46,3.14,0.92,0,2
15271.578,0.065,0.025,0.989,1.53,3.69,0.24,0,2
15271.593,0.073,0.037,0.988,1.4,4.67,-0.43,0,2
15271.609,0.075,0.057,0.998,0.34,6.38,-0.98,0,2
15271.609,0.077,0.06,1.01,-1.86,6.62,-0.76,0,2
15271.625,0.068,0.054,1.013,-3.45,5.71,0.46,0,2
15271.64,0.072,0.038,1.009,-3.45,4.09,1.68,0,2
15271.656,0.075,0.026,1.0,-2.41,2.62,2.23,0,2
15271.656,0.071,0.019,0.993,-1.37,2.17,2.41,0,2
15271.671,0.083,0.027,0.996,-1.8,2.84,2.23,0,2
15271.671,0.08,0.033,1.005,-3.94,4.03,1.31,0,2
15271.687,0.084,0.02,1.02,-6.59,3.81,0.4,0,2
15271.687,0.084,0.002,1.033,-7.97,2.56,0.37,0,2
15271.703,0.092,-0.007,1.037,-7.42,0.43,0.21,0,2
15271.718,0.091,-0.008,1.033,-5.37,-0.92,-0.27,0,2
15271.718,0.089,-0.01,1.021,-2.72,-1.95,-0.82,0,2
15271.734,0.093,0.003,1.011,-0.09,-2.47,-1.28,0,2
15271.75,0.092,0.026,0.996,1.43,-2.41,-1.59,0,2
15271.75,0.099,0.036,0.997,1.07,-0.67,-1.37,0,2
15271.765,0.093,0.039,1.012,-0.64,1.62,-0.58,0,2
15271.781,0.088,0.026,1.02,-1.65,1.68,-0.27,0,2
15271.781,0.085,0.021,1.019,-1.13,-1.5,0.46,0,2
15271.796,0.092,0.03,1.008,-0.15,-1.95,0.31,0,2
15271.796,0.093,0.032,0.999,0.24,-1.71,0.37,0,2
15271.812,0.087,0.037,0.991,-0.4,-1.83,0.46,0,2
15271.828,0.087,0.039,0.984,-1.37,-1.83,0.49,0,2
15271.828,0.084,0.035,0.984,-1.98,-1.19,0.76,0,2
15271.843,0.077,0.023,0.986,-1.5,-0.61,0.79,0,2
15271.859,0.078,0.017,0.984,-0.15,-1.07,0.61,0,2
15271.859,0.082,0.027,0.979,0.92,-1.31,0.34,0,2
15271.875,0.081,0.029,0.971,1.1,-0.67,0.06,0,2
15271.89,0.089,0.034,0.974,0.24,0.18,0.52,0,2
15271.89,0.086,0.032,0.98,-0.89,1.59,1.28,0,2
15271.906,0.087,0.021,0.983,-1.95,2.04,1.86,0,2
15271.906,0.083,0.011,0.985,-2.17,1.59,2.14,0,2
15271.921,0.073,0.006,0.991,-1.92,1.28,2.17,0,2
15271.937,0.077,0.001,0.995,-1.74,0.73,1.8,0,2
15271.937,0.079,0.008,1.001,-1.68,0.82,1.07,0,2
15271.953,0.074,0.01,1.007,-1.71,1.19,0.43,0,2
15271.968,0.071,0.008,1.012,-1.1,1.28,0.06,0,2
15271.968,0.065,0.014,1.015,0.4,0.76,-0.03,0,2
15271.984,0.065,0.015,1.008,2.41,-0.31,-0.03,0,2
15272.0,0.063,0.022,0.992,4.52,-1.04,0.21,0,2
15272.0,0.062,0.029,0.98,5.55,-0.98,0.4,0,2
15272.015,0.064,0.037,0.98,4.43,-0.37,0.73,0,2
15272.031,0.062,0.033,0.983,2.56,0.24,0.89,0,2
15272.031,0.066,0.034,0.983,0.79,0.18,1.04,0,2
15272.046,0.064,0.026,0.985,-0.27,0.24,1.25,0,2
15272.046,0.067,0.02,0.988,-0.21,0.46,1.53,0,2
15272.062,0.066,0.016,0.982,0.73,1.07,1.62,0,2
15272.078,0.064,0.017,0.974,1.62,1.92,1.59,0,2
15272.078,0.059,0.018,0.97,2.35,2.2,1.31,0,2
15272.093,0.055,0.024,0.967,2.56,1.74,0.82,0,2
15272.109,0.059,0.026,0.965,2.38,1.16,0.61,0,2
15272.109,0.065,0.044,0.962,1.77,1.5,0.46,0,2
15272.125,0.065,0.057,0.97,0.58,2.66,0.4,0,2
15272.14,0.066,0.056,0.982,-0.92,3.45,1.13,0,2
15272.156,0.068,0.056,0.997,-2.23,3.78,2.29,0,2
15272.156,0.059,0.041,1.009,-2.93,3.33,2.87,0,2
15272.171,0.063,0.032,1.014,-4.27,2.26,3.08,0,2
15272.171,0.068,0.021,1.011,-5.58,1.5,3.57,0,2
15272.187,0.078,0.01,1.006,-6.71,1.65,3.78,0,2
15272.187,0.084,-0.003,1.014,-7.84,2.66,4.0,0,2
15272.203,0.078,-0.021,1.026,-7.63,3.69,3.91,0,2
15272.218,0.063,-0.045,1.037,-6.13,3.63,3.36,0,2
15272.218,0.055,-0.064,1.048,-3.66,2.26,2.32,0,2
15272.234,0.043,-0.056,1.057,-1.22,0.52,-0.15,0,2
15272.25,0.029,-0.034,1.057,0.79,-0.95,-2.14,0,2
15272.25,0.029,-0.002,1.049,2.38,-2.08,-2.69,0,2
15272.265,0.037,0.025,1.041,3.72,-1.98,-2.29,0,2
15272.281,0.032,0.033,1.038,3.75,-0.27,-1.86,0,2
15272.281,0.034,0.02,1.03,3.2,0.85,-1.89,0,2
15272.296,0.031,0.014,1.005,1.89,2.41,-2.93,0,2
15272.296,-0.003,0.012,1.031,1.56,3.75,-2.38,0,2
15272.312,0.003,0.011,1.04,0.34,0.79,-1.62,0,2
15272.328,0.014,0.004,1.04,-0.49,-1.46,-1.01,0,2
15272.328,0.023,0.008,1.041,-1.22,-2.81,-1.74,0,2
15272.343,0.028,0.009,1.042,-1.37,-2.47,-2.59,0,2
15272.359,0.037,0.012,1.046,-0.92,-1.04,-2.47,0,2
15272.359,0.039,0.013,1.05,-0.18,-0.37,-2.23,0,2
15272.375,0.048,0.002,1.045,0.92,-1.5,-2.47,0,2
15272.39,0.051,0.003,1.033,3.33,-3.08,-2.75,0,2
15272.39,0.052,0.007,1.012,6.87,-4.24,-2.84,0,2
15272.406,0.06,0.023,0.991,9.22,-3.66,-2.99,0,2
15272.406,0.055,0.033,0.98,8.39,-1.01,-3.33,0,2
15272.421,0.049,0.042,0.976,5.4,1.71,-4.0,0,2
15272.437,0.036,0.054,0.988,1.92,4.55,-4.49,0,2
15272.437,0.021,0.064,1.003,-0.98,6.1,-4.15,0,2
15272.453,-0.001,0.067,1.013,-1.77,6.44,-3.2,0,2
15272.468,-0.017,0.068,1.019,-0.79,4.94,-2.14,0,2
15272.468,-0.015,0.068,1.014,1.16,2.29,-0.89,0,2
15272.484,-0.003,0.066,1.01,3.45,0.55,0.24,0,2
15272.5,-0.005,0.065,1.007,4.33,-0.03,0.92,0,2
15272.5,-0.017,0.045,1.002,4.55,-0.31,1.19,0,2
15272.515,-0.019,0.026,1.001,4.97,-0.64,1.46,0,2
15272.515,-0.016,0.025,0.997,5.16,-1.65,1.46,0,2
15272.531,-0.034,0.02,0.981,6.47,-2.44,0.95,0,2
15272.546,-0.044,0.01,0.961,8.79,-3.2,1.04,0,2
15272.546,-0.038,0.004,0.938,11.75,-3.48,1.74,0,2
15272.562,-0.032,-0.012,0.927,14.98,-1.92,2.59,0,2
15272.578,-0.039,-0.023,0.923,17.82,1.4,2.32,0,2
15272.593,-0.034,-0.035,0.927,19.78,4.46,1.31,0,2
15272.593,-0.032,-0.023,0.942,20.69,7.72,0.43,0,2
15272.609,-0.047,-0.015,0.953,19.59,10.35,-0.76,0,2
15272.609,-0.045,-0.018,0.958,18.1,10.56,-2.35,0,2
15272.625,-0.047,0.002,0.959,18.8,9.06,-3.63,0,2
15272.64,-0.059,0.014,0.948,21.12,7.11,-4.46,0,2
15272.64,-0.029,0.019,0.925,24.66,3.88,-4.39,0,2
15272.656,0.038,0.048,0.881,30.43,0.64,-3.33,0,2
15272.671,0.075,0.104,0.847,33.75,2.59,-1.62,0,2
15272.671,0.057,0.145,0.861,29.39,9.37,-0.12,0,2
15272.687,0.035,0.158,0.895,18.89,14.34,1.4,0,2
15272.687,0.002,0.162,0.932,7.9,17.0,3.33,0,2
15272.703,-0.029,0.14,0.973,-0.52,17.24,4.61,0,2
15272.718,-0.053,0.111,1.008,-3.72,16.48,5.77,0,2
15272.734,-0.054,0.085,1.025,-2.32,14.62,6.62,0,2
15272.734,-0.018,0.072,1.023,2.2,11.11,6.2,0,2
15272.75,0.001,0.048,1.019,8.24,9.86,6.35,0,2
15272.75,0.016,0.038,1.018,13.4,11.26,6.44,0,2
15272.765,0.027,0.022,1.005,22.58,12.6,1.74,0,2
15272.781,0.011,0.055,0.952,12.48,9.83,0.64,0,2
15272.781,0.015,0.147,0.871,-13.09,6.29,0.52,0,2
15272.796,0.035,0.169,0.836,-42.51,4.88,0.92,0,2
15272.812,0.056,0.139,0.872,-64.46,7.26,1.46,0,2
15272.812,0.036,0.083,0.951,-70.71,12.45,1.83,0,2
15272.828,0.016,0.073,1.034,-61.62,18.71,2.93,0,2
15272.828,-0.023,0.07,1.099,-42.24,23.77,5.46,0,2
15272.843,-0.039,0.056,1.127,-18.01,23.65,9.83,0,2
15272.859,-0.028,0.081,1.137,3.08,19.47,14.16,0,2
15272.875,-0.02,0.075,1.148,14.1,15.47,17.03,0,2
15272.875,-0.018,0.039,1.145,16.42,10.56,17.49,0,2
15272.89,-0.014,0.019,1.134,16.94,4.85,15.47,0,2
15272.89,-0.016,0.016,1.12,18.4,-0.15,12.05,0,2
15272.906,-0.007,0.032,1.087,22.95,-4.03,8.85,0,2
15272.921,0.02,0.072,1.045,29.91,-5.8,6.74,0,2
15272.921,0.036,0.12,1.004,34.33,-4.55,5.77,0,2
15272.937,0.044,0.144,0.979,34.67,-0.31,6.41,0,2
15272.937,0.032,0.155,0.975,31.68,5.86,7.97,0,2
15272.953,0.016,0.158,0.982,26.46,10.65,8.42,0,2
15272.968,-0.014,0.161,0.993,21.12,13.09,7.97,0,2
15272.968,-0.007,0.167,1.002,17.37,12.48,8.12,0,2
15272.984,0.012,0.194,1.011,12.48,12.05,9.19,0,2
15273.0,0.003,0.221,1.026,3.3,12.76,9.19,0,2
15273.0,-0.018,0.216,1.056,-8.48,12.79,8.36,0,2
15273.015,-0.037,0.163,1.088,-18.16,10.01,8.33,0,2
15273.031,-0.043,0.121,1.105,-21.33,4.82,9.0,0,2
15273.031,-0.044,0.107,1.102,-18.16,-0.21,9.34,0,2
15273.046,-0.032,0.097,1.084,-12.94,-3.81,9.7,0,2
15273.062,-0.02,0.111,1.076,-8.09,-3.66,10.35,0,2
15273.062,-0.022,0.118,1.077,-4.73,-1.46,10.83,0,2
15273.078,-0.043,0.087,1.082,-0.21,0.0,11.84,0,2
15273.078,-0.066,0.057,1.073,7.51,-0.61,13.37,0,2
15273.093,-0.061,0.046,1.046,15.99,-2.59,14.01,0,2
15273.109,-0.043,0.045,1.011,21.33,-3.94,13.4,0,2
15273.109,-0.029,0.039,0.979,23.13,-3.97,11.93,0,2
15273.125,-0.004,0.041,0.949,22.28,-2.38,10.25,0,2
15273.14,0.008,0.053,0.942,18.89,1.53,8.48,0,2
15273.14,-0.003,0.036,0.951,13.06,6.16,6.44,0,2
15273.156,-0.015,0.024,0.964,5.92,8.48,4.09,0,2
15273.156,-0.05,0.031,0.982,0.34,8.09,1.31,0,2
15273.171,-0.092,0.001,0.995,-3.08,5.77,-0.73,0,2
15273.187,-0.097,-0.022,0.999,-2.53,1.86,-1.74,0,2
15273.187,-0.066,0.0,0.969,3.51,-1.83,-2.69,0,2
15273.203,-0.045,0.039,0.935,9.58,-2.93,-4.09,0,2
15273.218,-0.048,0.084,0.913,10.13,-0.15,-5.16,0,2
15273.218,-0.063,0.122,0.924,4.09,5.4,-5.83,0,2
15273.234,-0.084,0.124,0.958,-6.47,11.11,-5.34,0,2
15273.25,-0.105,0.1,1.006,-17.46,13.79,-4.12,0,2
15273.25,-0.112,0.063,1.075,-22.68,11.84,-2.47,0,2
15273.265,-0.11,0.021,1.085,-16.6,7.2,-0.79,0,2
15273.281,-0.092,0.016,1.081,-6.59,1.86,0.52,0,2
15273.281,-0.073,0.032,1.053,3.75,-1.65,1.01,0,2
15273.296,-0.075,0.07,1.024,10.25,-1.56,0.95,0,2
15273.296,-0.085,0.111,1.006,10.1,0.55,0.06,0,2
15273.312,-0.094,0.129,0.998,5.83,2.66,-0.55,0,2
15273.328,-0.108,0.139,0.99,1.74,4.39,0.0,0,2
15273.328,-0.117,0.158,1.005,0.34,6.04,1.65,0,2
15273.343,-0.124,0.13,1.009,2.96,6.9,4.0,0,2
15273.359,-0.104,0.104,1.017,6.71,6.41,7.11,0,2
15273.359,-0.084,0.094,1.007,11.47,6.38,9.37,0,2
15273.375,-0.084,0.068,0.999,14.68,6.74,9.0,0,2
15273.39,-0.109,0.071,0.992,17.0,7.05,6.99,0,2
15273.39,-0.134,0.09,0.978,18.92,5.46,4.61,0,2
15273.406,-0.134,0.115,0.95,20.26,1.71,3.75,0,2
15273.421,-0.089,0.147,0.913,21.24,-1.98,4.88,0,2
15273.421,-0.047,0.174,0.872,20.63,-2.75,7.87,0,2
15273.437,-0.027,0.211,0.849,15.96,0.09,11.29,0,2
15273.453,-0.029,0.242,0.846,6.84,5.74,13.49,0,2
15273.453,-0.053,0.249,0.876,-5.19,12.51,14.68,0,2
15273.468,-0.087,0.227,0.912,-15.81,18.01,16.02,0,2
15273.468,-0.096,0.184,0.956,-23.74,21.64,18.1,0,2
15273.484,-0.087,0.146,1.031,-28.02,22.74,19.26,0,2
15273.5,-0.071,0.055,1.071,-25.06,18.8,19.96,0,2
15273.515,-0.037,0.006,1.09,-18.56,10.86,20.05,0,2
15273.515,-0.022,-0.01,1.091,-9.06,2.38,18.56,0,2
15273.531,-0.016,-0.013,1.065,1.04,-4.58,15.87,0,2
15273.531,-0.018,0.011,1.034,9.19,-8.33,13.15,0,2
15273.546,-0.027,0.05,0.996,15.5,-8.88,11.32,0,2
15273.562,-0.028,0.088,0.963,18.83,-6.93,10.8,0,2
15273.562,-0.045,0.124,0.939,18.89,-3.72,11.17,0,2
15273.578,-0.047,0.132,0.928,17.06,-1.43,11.54,0,2
15273.578,-0.018,0.121,0.92,15.08,0.73,11.75,0,2
15273.593,0.009,0.123,0.924,14.04,3.14,12.18,0,2
15273.609,0.025,0.129,0.929,14.07,4.27,12.05,0,2
15273.609,0.032,0.128,0.925,11.87,4.43,11.57,0,2
15273.625,0.022,0.137,0.928,6.13,5.1,10.77,0,2
15273.64,0.005,0.145,0.934,-2.01,5.68,9.55,0,2
15273.64,-0.001,0.14,0.946,-10.71,6.23,9.09,0,2
15273.656,-0.013,0.126,0.976,-16.63,7.9,9.92,0,2
15273.671,-0.023,0.113,1.011,-17.37,10.07,10.68,0,2
15273.671,-0.022,0.099,1.036,-13.31,12.02,11.54,0,2
15273.687,-0.016,0.092,1.067,-7.2,13.03,12.57,0,2
15273.687,-0.016,0.074,1.067,0.46,12.21,13.64,0,2
15273.703,-0.016,0.063,1.062,7.11,10.35,13.76,0,2
15273.718,-0.015,0.05,1.046,14.56,8.76,13.25,0,2
15273.718,-0.007,0.059,1.037,20.11,8.15,12.21,0,2
15273.734,-0.008,0.059,1.033,23.68,8.82,9.49,0,2
15273.75,-0.004,0.061,1.022,25.88,9.64,5.71,0,2
15273.75,-0.003,0.093,1.001,8.33,4.06,-1.65,0,2
15273.765,0.004,0.117,0.985,-8.7,-1.83,-5.52,0,2
15273.781,0.013,0.139,0.978,-24.9,-7.6,-8.48,0,2
15273.781,0.005,0.112,0.993,-35.49,-11.84,-10.38,0,2
15273.796,-0.018,0.108,1.012,-37.69,-12.91,-11.44,0,2
15273.812,-0.044,0.12,1.031,-32.04,-10.16,-11.17,0,2
15273.812,-0.059,0.136,1.042,-20.72,-4.79,-8.61,0,2
15273.828,-0.086,0.143,1.039,-6.99,0.64,-4.43,0,2
15273.828,-0.113,0.156,1.036,4.82,5.22,-0.09,0,2
15273.843,-0.108,0.188,1.032,13.98,7.63,3.2,0,2
15273.859,-0.11,0.198,1.007,21.09,8.82,5.92,0,2
15273.859,-0.112,0.199,0.995,24.05,9.64,8.21,0,2
15273.875,-0.088,0.198,0.986,23.62,9.74,9.7,0,2
15273.89,-0.085,0.2,0.978,21.79,9.16,9.8,0,2
15273.89,-0.095,0.214,0.967,19.14,7.81,9.28,0,2
15273.906,-0.108,0.231,0.957,14.71,5.89,10.07,0,2
15273.906,-0.112,0.236,0.943,9.55,3.42,12.21,0,2
15273.921,-0.117,0.235,0.927,3.81,1.46,15.38,0,2
15273.937,-0.107,0.231,0.92,-2.93,0.4,17.52,0,2
15273.937,-0.099,0.222,0.923,-10.01,0.76,18.28,0,2
15273.953,-0.105,0.199,0.938,-15.08,1.25,18.86,0,2
15273.968,-0.097,0.171,0.962,-16.51,1.43,19.38,0,2
15273.968,-0.083,0.151,0.979,-12.6,2.62,19.59,0,2
15273.984,-0.067,0.131,0.983,-4.67,4.3,20.17,0,2
15274.0,-0.052,0.112,0.981,4.24,5.71,20.51,0,2
15274.0,-0.042,0.103,0.972,13.89,6.84,21.49,0,2
15274.015,-0.065,0.118,0.95,21.45,8.3,21.97,0,2
15274.031,-0.076,0.138,0.932,23.01,8.88,20.84,0,2
15274.031,-0.082,0.159,0.923,18.83,8.76,18.34,0,2
15274.046,-0.096,0.172,0.923,10.77,9.06,16.02,0,2
15274.046,-0.101,0.176,0.926,-0.15,10.07,14.77,0,2
15274.062,-0.081,0.16,0.942,-11.32,10.8,14.34,0,2
15274.078,-0.055,0.132,0.963,-19.1,10.68,14.34,0,2
15274.078,-0.052,0.094,0.981,-20.94,11.9,13.98,0,2
15274.093,-0.047,0.069,0.995,-19.17,13.21,12.97,0,2
15274.109,-0.065,0.092,1.018,-13.98,14.65,10.41,0,2
15274.109,-0.101,0.103,1.008,-7.66,14.95,7.69,0,2
15274.125,-0.127,0.132,1.012,-4.03,15.05,6.53,0,2
15274.14,-0.141,0.141,1.01,-0.09,16.21,8.12,0,2
15274.14,-0.151,0.136,1.018,3.05,17.0,11.29,0,2
15274.156,-0.134,0.15,1.02,7.78,16.85,13.61,0,2
15274.171,-0.118,0.145,0.992,14.04,15.05,16.6,0,2
15274.171,-0.1,0.165,0.958,20.66,12.42,19.68,0,2
15274.187,-0.109,0.17,0.918,25.85,11.14,21.88,0,2
15274.187,-0.118,0.173,0.881,25.09,9.95,23.56,0,2
15274.203,-0.125,0.18,0.868,20.36,10.44,23.47,0,2
15274.218,-0.146,0.147,0.869,13.34,12.42,22.55,0,2
15274.218,-0.128,0.134,0.886,5.07,14.83,20.69,0,2
15274.234,-0.104,0.134,0.913,-2.29,17.21,17.15,0,2
15274.25,-0.108,0.118,0.946,-7.66,19.5,13.61,0,2
15274.25,-0.123,0.11,0.982,-11.11,19.38,11.66,0,2
15274.265,-0.125,0.12,0.998,-12.42,16.91,11.29,0,2
15274.281,-0.131,0.129,1.001,-11.38,14.01,11.26,0,2
15274.281,-0.136,0.147,1.0,-9.34,11.11,10.07,0,2
15274.296,-0.118,0.169,0.989,-7.48,9.13,8.33,0,2
15274.296,-0.111,0.179,0.975,-7.14,8.27,7.97,0,2
15274.312,-0.112,0.158,0.972,-6.96,9.25,9.55,0,2
15274.328,-0.114,0.126,0.977,-6.35,11.57,11.78,0,2
15274.328,-0.125,0.105,0.985,-4.58,14.5,11.93,0,2
15274.343,-0.142,0.095,0.986,-2.32,17.27,9.61,0,2
15274.359,-0.152,0.098,0.985,-0.85,20.51,6.53,0,2
15274.375,-0.136,0.134,1.008,-1.5,24.29,2.72,0,2
15274.375,-0.149,0.152,1.015,-3.51,27.34,-0.46,0,2
15274.39,-0.177,0.179,1.034,-7.23,28.17,-2.84,0,2
15274.39,-0.183,0.206,1.046,-11.05,25.79,-4.58,0,2
15274.406,-0.201,0.22,1.054,-14.68,19.78,-4.7,0,2
15274.421,-0.22,0.223,1.053,-17.37,11.69,-1.98,0,2
15274.421,-0.217,0.205,1.049,-18.04,3.51,2.66,0,2
15274.437,-0.218,0.18,1.04,-15.96,-2.9,7.45,0,2
15274.437,-0.211,0.166,1.032,-11.57,-6.87,11.51,0,2
15274.453,-0.196,0.156,1.012,-5.31,-7.87,13.46,0,2
15274.468,-0.178,0.163,0.999,-0.7,-6.84,12.27,0,2
15274.468,-0.176,0.17,0.989,1.92,-4.24,9.52,0,2
15274.484,-0.195,0.177,0.986,2.62,-0.95,8.27,0,2
15274.5,-0.196,0.18,0.985,1.46,1.46,8.88,0,2
15274.5,-0.194,0.16,0.989,0.85,3.11,10.77,0,2
15274.515,-0.191,0.149,0.999,1.56,4.36,12.79,0,2
15274.515,-0.179,0.14,1.007,3.23,4.91,13.58,0,2
15274.531,-0.175,0.123,1.016,6.96,5.1,14.16,0,2
15274.546,-0.173,0.122,1.018,11.99,5.13,15.29,0,2
15274.546,-0.179,0.138,1.022,17.18,5.01,16.02,0,2
15274.562,-0.187,0.146,1.02,24.23,4.88,17.55,0,2
15274.578,-0.193,0.152,1.017,33.33,5.31,20.81,0,2
15274.593,-0.201,0.159,1.013,43.09,6.78,25.24,0,2
15274.593,-0.196,0.171,1.002,51.12,8.15,28.75,0,2
15274.609,-0.183,0.207,0.98,54.38,8.0,30.24,0,2
15274.609,-0.166,0.244,0.958,51.85,6.62,29.24,0,2
15274.625,-0.16,0.258,0.935,44.28,4.21,27.86,0,2
15274.64,-0.159,0.271,0.926,34.0,2.32,27.41,0,2
15274.64,-0.147,0.268,0.926,24.29,1.34,26.67,0,2
15274.656,-0.15,0.244,0.934,17.24,1.28,25.85,0,2
15274.656,-0.152,0.223,0.948,13.58,2.38,24.75,0,2
15274.671,-0.155,0.202,0.958,12.18,3.54,23.16,0,2
15274.687,-0.167,0.211,0.96,11.63,4.06,20.63,0,2
15274.703,-0.172,0.229,0.957,10.19,3.11,17.7,0,2
15274.703,-0.174,0.238,0.945,6.71,1.22,16.05,0,2
15274.718,-0.178,0.246,0.933,2.14,-1.19,15.11,0,2
15274.718,-0.165,0.259,0.923,-4.0,-3.72,13.21,0,2
15274.734,-0.152,0.253,0.918,-17.79,-4.12,9.61,0,2
15274.75,-0.165,0.244,0.925,-22.31,-2.47,8.0,0,2
15274.75,-0.173,0.224,0.932,-25.15,-0.52,5.74,0,2
15274.765,-0.176,0.208,0.938,-26.28,1.5,3.39,0,2
15274.781,-0.18,0.199,0.94,-26.0,2.81,2.2,0,2
15274.781,-0.18,0.199,0.937,-24.87,3.33,2.75,0,2
15274.796,-0.177,0.184,0.939,-22.89,4.09,4.43,0,2
15274.796,-0.182,0.161,0.94,-20.72,5.22,6.07,0,2
15274.812,-0.17,0.143,0.947,-17.18,6.71,6.68,0,2
15274.828,-0.182,0.126,0.948,-13.28,8.85,6.44,0,2
15274.828,-0.172,0.132,0.978,-10.53,10.41,4.85,0,2
15274.843,-0.173,0.131,0.98,-6.99,11.11,2.62,0,2
15274.859,-0.187,0.144,0.974,-6.53,10.83,-0.61,0,2
15274.859,-0.188,0.158,0.968,-8.24,10.83,-4.36,0,2
15274.875,-0.186,0.166,0.984,-11.9,9.77,-6.93,0,2
15274.89,-0.197,0.176,0.987,-15.9,7.51,-8.3,0,2
15274.89,-0.192,0.176,0.987,-19.96,3.78,-9.4,0,2
15274.906,-0.186,0.161,0.983,-22.52,0.31,-9.95,0,2
15274.921,-0.187,0.152,0.978,-22.8,-1.95,-9.89,0,2
15274.921,-0.182,0.138,0.98,-19.9,-2.38,-8.91,0,2
15274.937,-0.18,0.127,0.991,-14.65,-0.34,-7.66,0,2
15274.937,-0.18,0.123,0.997,-10.07,2.17,-8.45,0,2
15274.953,-0.183,0.128,1.008,-6.41,4.03,-10.32,0,2
15274.968,-0.188,0.155,1.012,-3.05,5.1,-12.45,0,2
15274.968,-0.185,0.173,1.01,-2.11,4.21,-14.04,0,2
15274.984,-0.187,0.181,1.005,-2.69,2.2,-13.49,0,2
15275.0,-0.188,0.198,1.01,-3.6,-0.76,-12.21,0,2
15275.0,-0.18,0.193,1.006,-4.27,-5.01,-10.99,0,2
15275.015,-0.177,0.187,1.001,-5.22,-9.22,-9.98,0,2
15275.031,-0.175,0.181,0.997,-5.55,-12.54,-9.64,0,2
15275.031,-0.172,0.17,0.992,-4.73,-14.83,-9.31,0,2
15275.046,-0.173,0.166,0.98,-4.09,-15.87,-8.97,0,2
15275.046,-0.175,0.165,0.974,-3.63,-15.69,-8.45,0,2
15275.062,-0.169,0.168,0.976,-3.02,-14.77,-7.2,0,2
15275.078,-0.165,0.167,0.97,-1.77,-13.09,-5.71,0,2
15275.078,-0.163,0.17,0.965,0.0,-11.02,-4.79,0,2
15275.093,-0.159,0.171,0.965,1.83,-8.48,-4.36,0,2
15275.109,-0.161,0.172,0.969,3.69,-5.77,-4.21,0,2
15275.109,-0.165,0.175,0.972,4.67,-4.43,-4.55,0,2
15275.125,-0.167,0.183,0.976,4.76,-4.36,-5.22,0,2
15275.14,-0.167,0.192,0.977,4.15,-5.58,-6.04,0,2
15275.14,-0.164,0.196,0.969,2.44,-7.9,-6.13,0,2
15275.156,-0.156,0.197,0.963,0.52,-10.38,-5.65,0,2
15275.171,-0.157,0.19,0.96,-0.67,-11.9,-4.12,0,2
15275.171,-0.157,0.182,0.957,-1.37,-12.6,-1.71,0,2
15275.187,-0.157,0.169,0.953,-1.71,-12.18,0.58,0,2
15275.187,-0.151,0.158,0.949,-1.28,-10.25,2.5,0,2
15275.203,-0.143,0.157,0.948,0.18,-6.87,4.03,0,2
15275.218,-0.144,0.158,0.944,1.92,-3.42,5.52,0,2
15275.218,-0.143,0.16,0.937,3.17,0.27,7.75,0,2
15275.234,-0.14,0.157,0.939,3.85,3.85,10.28,0,2
15275.25,-0.135,0.14,0.95,5.13,7.08,11.17,0,2
15275.25,-0.133,0.13,0.96,6.81,9.55,9.98,0,2
15275.265,-0.136,0.134,0.97,8.12,10.62,8.0,0,2
15275.281,-0.141,0.135,0.981,9.55,10.62,5.19,0,2
15275.281,-0.147,0.143,0.982,9.92,9.37,1.65,0,2
15275.296,-0.148,0.159,0.981,7.87,7.63,-1.1,0,2
15275.296,-0.155,0.173,0.983,4.52,6.04,-3.17,0,2
15275.312,-0.164,0.167,0.985,1.28,4.3,-3.75,0,2
15275.328,-0.172,0.157,0.989,-0.76,1.83,-2.47,0,2
15275.328,-0.177,0.154,0.988,-0.73,-0.49,-1.13,0,2
15275.343,-0.18,0.155,0.983,-0.06,-2.81,-0.98,0,2
15275.359,-0.175,0.152,0.977,1.25,-4.94,-1.1,0,2
15275.359,-0.177,0.152,0.97,3.39,-6.07,-0.52,0,2
15275.375,-0.171,0.154,0.956,5.37,-6.29,0.49,0,2
15275.39,-0.168,0.16,0.946,7.54,-4.85,1.22,0,2
15275.39,-0.166,0.173,0.939,9.46,-2.08,1.4,0,2
15275.406,-0.162,0.188,0.94,10.53,0.76,1.31,0,2
15275.421,-0.163,0.205,0.946,10.1,3.36,2.29,0,2
15275.421,-0.173,0.215,0.953,8.45,4.43,5.07,0,2
15275.437,-0.173,0.214,0.963,6.62,3.72,8.94,0,2
15275.453,-0.174,0.213,0.974,5.01,2.66,12.88,0,2
15275.453,-0.178,0.203,0.981,4.09,1.34,15.93,0,2
15275.468,-0.177,0.197,0.999,3.51,0.09,18.34,0,2
15275.468,-0.174,0.181,1.007,3.75,-1.28,20.54,0,2
15275.484,-0.159,0.173,1.013,4.64,-3.02,21.91,0,2
15275.5,-0.146,0.161,1.004,7.63,-5.04,21.82,0,2
15275.5,-0.13,0.162,0.987,10.62,-6.9,20.6,0,2
15275.515,-0.118,0.168,0.979,12.67,-8.51,18.13,0,2
15275.531,-0.115,0.16,0.97,14.19,-10.19,14.65,0,2
15275.531,-0.121,0.153,0.958,14.4,-12.12,11.69,0,2
15275.546,-0.122,0.164,0.948,12.79,-14.65,8.88,0,2
15275.562,-0.122,0.165,0.935,10.04,-16.6,4.88,0,2
15275.562,-0.126,0.155,0.92,5.62,-17.3,0.7,0,2
15275.578,-0.124,0.152,0.922,1.62,-15.99,-1.8,0,2
15275.578,-0.125,0.161,0.933,-0.12,-14.8,-2.62,0,2
15275.593,-0.117,0.165,0.944,0.7,-14.8,-3.2,0,2
15275.609,-0.105,0.158,0.947,2.93,-15.69,-3.94,0,2
15275.609,-0.101,0.159,0.941,5.43,-16.21,-5.13,0,2
15275.625,-0.106,0.17,0.932,6.84,-15.87,-7.35,0,2
15275.64,-0.111,0.175,0.926,6.32,-14.16,-10.44,0,2
15275.64,-0.112,0.177,0.927,4.06,-11.32,-14.28,0,2
15275.656,-0.122,0.18,0.932,1.53,-7.9,-18.89,0,2
15275.656,-0.136,0.177,0.951,-2.08,-4.12,-22.34,0,2
15275.687,-0.144,0.161,0.983,-4.82,-0.64,-24.17,0,2
15275.687,-0.151,0.13,1.012,-4.55,1.95,-25.18,0,2
15275.687,-0.155,0.093,1.037,-1.56,3.17,-25.61,0,2
15275.703,-0.162,0.065,1.05,3.08,3.02,-26.4,0,2
15275.718,-0.178,0.058,1.053,9.95,-2.23,-31.56,0,2
15275.718,-0.185,0.08,1.045,8.55,-6.78,-35.74,0,2
15275.734,-0.183,0.123,1.022,3.66,-10.99,-40.65,0,2
15275.75,-0.187,0.178,0.988,-3.57,-13.76,-43.98,0,2
15275.75,-0.179,0.239,0.947,-9.83,-14.22,-44.68,0,2
15275.765,-0.17,0.259,0.939,-12.09,-12.09,-44.04,0,2
15275.781,-0.164,0.276,0.935,-10.9,-8.42,-42.15,0,2
15275.781,-0.166,0.286,0.95,-7.11,-4.18,-38.7,0,2
15275.796,-0.156,0.302,0.963,-1.77,-1.56,-35.0,0,2
15275.796,-0.154,0.299,0.967,3.17,-0.43,-31.95,0,2
15275.812,-0.162,0.291,0.972,6.1,0.15,-28.93,0,2
15275.828,-0.167,0.288,0.98,7.35,0.98,-26.8,0,2
15275.828,-0.162,0.261,0.989,9.06,1.95,-24.72,0,2
15275.843,-0.156,0.254,0.996,12.88,2.66,-23.59,0,2
15275.859,-0.149,0.253,0.989,17.49,2.81,-22.55,0,2
15275.859,-0.159,0.245,0.978,19.87,2.56,-20.63,0,2
15275.875,-0.156,0.245,0.987,20.6,2.08,-18.16,0,2
15275.89,-0.151,0.242,0.991,22.22,1.1,-16.57,0,2
15275.89,-0.151,0.243,0.986,22.55,-0.34,-16.14,0,2
15275.906,-0.154,0.248,0.977,20.66,-1.62,-17.06,0,2
15275.921,-0.15,0.248,0.977,16.82,-2.69,-18.07,0,2
15275.921,-0.152,0.248,0.972,12.54,-3.85,-19.2,0,2
15275.937,-0.15,0.258,0.955,9.49,-4.33,-20.78,0,2
15275.937,-0.157,0.256,0.951,6.84,-3.14,-21.33,0,2
15275.953,-0.167,0.238,0.959,4.49,-0.24,-19.62,0,2
15275.968,-0.158,0.234,0.965,4.09,2.04,-18.04,0,2
15275.984,-0.144,0.248,0.963,7.11,3.91,-17.3,0,2
15275.984,-0.146,0.249,0.962,11.75,5.71,-17.03,0,2
15276.0,-0.156,0.24,0.961,15.66,7.72,-16.02,0,2
15276.0,-0.161,0.245,0.968,18.4,8.55,-14.01,0,2
15276.015,-0.17,0.244,0.967,21.55,8.76,-12.12,0,2
15276.031,-0.179,0.24,0.963,23.62,8.09,-11.17,0,2
15276.031,-0.188,0.246,0.966,24.23,7.6,-10.8,0,2
15276.046,-0.198,0.243,0.975,24.45,7.72,-10.22,0,2
15276.046,-0.208,0.241,0.992,25.57,8.94,-10.22,0,2
15276.062,-0.206,0.266,0.986,25.7,10.77,-12.45,0,2
15276.078,-0.208,0.258,0.966,26.03,10.25,-13.06,0,2
15276.093,-0.2,0.281,0.962,25.94,9.0,-10.68,0,2
15276.093,-0.184,0.309,0.956,25.09,7.32,-8.55,0,2
15276.109,-0.177,0.304,0.951,23.59,5.34,-7.81,0,2
15276.109,-0.184,0.281,0.951,21.24,2.78,-7.11,0,2
15276.125,-0.173,0.281,0.955,19.32,-0.21,-5.62,0,2
15276.14,-0.171,0.292,0.949,18.71,-2.56,-5.55,0,2
15276.14,-0.186,0.277,0.942,18.34,-4.49,-5.92,0,2
15276.156,-0.19,0.282,0.953,17.27,-5.83,-5.68,0,2
15276.171,-0.188,0.298,0.951,16.02,-7.08,-6.87,0,2
15276.171,-0.192,0.285,0.942,13.61,-8.7,-8.61,0,2
15276.187,-0.184,0.281,0.935,10.96,-10.44,-9.64,0,2
15276.187,-0.188,0.287,0.929,8.12,-11.9,-10.9,0,2
15276.203,-0.189,0.286,0.923,4.85,-13.21,-12.7,0,2
15276.218,-0.188,0.279,0.922,2.14,-14.07,-14.13,0,2
15276.234,-0.19,0.27,0.921,1.43,-13.86,-14.59,0,2
15276.234,-0.184,0.28,0.919,1.98,-13.55,-13.89,0,2
15276.25,-0.174,0.287,0.911,3.45,-13.4,-13.46,0,2
15276.25,-0.174,0.283,0.901,4.58,-13.12,-13.49,0,2
15276.265,-0.174,0.294,0.896,5.16,-11.84,-13.61,0,2
15276.281,-0.178,0.302,0.894,5.07,-10.01,-14.5,0,2
15276.281,-0.18,0.285,0.895,4.55,-7.9,-15.47,0,2
15276.296,-0.182,0.288,0.902,4.55,-5.65,-16.54,0,2
15276.296,-0.192,0.281,0.913,5.07,-3.75,-16.85,0,2
15276.312,-0.186,0.276,0.919,6.93,-2.2,-16.88,0,2
15276.328,-0.187,0.281,0.914,9.4,-0.49,-17.03,0,2
15276.328,-0.184,0.282,0.919,10.13,1.1,-17.18,0,2
15276.343,-0.191,0.282,0.924,10.22,2.47,-18.22,0,2
15276.359,-0.2,0.284,0.932,10.04,3.11,-18.95,0,2
15276.359,-0.206,0.295,0.935,10.86,4.33,-19.81,0,2
15276.375,-0.209,0.3,0.942,11.54,5.25,-20.75,0,2
15276.39,-0.194,0.313,0.947,11.72,5.25,-21.52,0,2
15276.39,-0.189,0.328,0.95,11.47,4.33,-22.1,0,2
15276.406,-0.182,0.33,0.947,9.74,1.68,-21.36,0,2
15276.421,-0.177,0.336,0.943,7.78,-2.14,-19.56,0,2
15276.421,-0.18,0.344,0.941,5.77,-6.16,-17.7,0,2
15276.437,-0.185,0.327,0.942,2.96,-9.8,-14.98,0,2
15276.437,-0.183,0.308,0.947,1.53,-12.18,-12.15,0,2
15276.453,-0.179,0.291,0.943,3.27,-12.82,-9.92,0,2
15276.468,-0.179,0.285,0.931,6.01,-12.76,-7.66,0,2
15276.468,-0.176,0.282,0.926,8.79,-11.57,-4.73,0,2
15276.484,-0.169,0.286,0.924,11.9,-9.09,-1.8,0,2
15276.5,-0.156,0.296,0.912,14.83,-6.9,0.15,0,2
15276.5,-0.145,0.312,0.891,15.53,-5.62,1.25,0,2
15276.515,-0.131,0.306,0.889,14.53,-4.7,2.56,0,2
15276.531,-0.116,0.298,0.885,14.44,-5.07,3.63,0,2
15276.531,-0.108,0.292,0.881,14.53,-5.55,4.46,0,2
15276.546,-0.104,0.276,0.891,14.16,-5.71,4.91,0,2
15276.562,-0.108,0.265,0.894,13.64,-5.74,4.49,0,2
15276.562,-0.118,0.248,0.899,13.0,-4.7,3.94,0,2
15276.578,-0.125,0.229,0.911,12.48,-2.78,3.66,0,2
15276.578,-0.126,0.229,0.921,13.49,-0.64,2.87,0,2
15276.593,-0.127,0.235,0.919,15.53,1.37,1.22,0,2
15276.609,-0.131,0.263,0.912,15.53,2.23,-0.58,0,2
15276.609,-0.131,0.295,0.909,13.4,2.59,-2.78,0,2
15276.625,-0.137,0.311,0.91,9.52,2.41,-5.46,0,2
15276.64,-0.138,0.315,0.911,5.62,1.56,-7.97,0,2
15276.64,-0.139,0.312,0.914,3.05,0.92,-8.76,0,2
15276.656,-0.142,0.315,0.91,2.11,1.37,-9.22,0,2
15276.656,-0.151,0.32,0.903,2.23,2.87,-8.91,0,2
15276.671,-0.17,0.327,0.898,3.08,5.62,-7.2,0,2
15276.687,-0.186,0.336,0.898,4.82,9.37,-4.39,0,2
15276.687,-0.195,0.343,0.894,9.74,17.0,-2.69,0,2
15276.703,-0.191,0.35,0.896,11.08,18.13,-2.81,0,2
15276.718,-0.183,0.367,0.902,10.38,16.14,-1.83,0,2
15276.734,-0.179,0.367,0.908,7.45,11.87,-0.06,0,2
15276.734,-0.197,0.389,0.933,2.59,6.07,0.98,0,2
15276.75,-0.206,0.373,0.947,-2.44,0.12,1.37,0,2
15276.75,-0.215,0.351,0.95,-4.91,-4.97,1.89,0,2
15276.765,-0.223,0.326,0.949,-5.07,-8.36,3.85,0,2
15276.781,-0.219,0.301,0.946,-2.84,-9.52,7.23,0,2
15276.781,-0.214,0.292,0.938,1.74,-9.06,11.2,0,2
15276.796,-0.209,0.287,0.918,7.54,-7.72,15.14,0,2
15276.796,-0.2,0.311,0.893,12.18,-5.77,16.48,0,2
15276.812,-0.19,0.308,0.875,13.76,-3.54,16.39,0,2
15276.828,-0.171,0.305,0.871,13.98,-0.98,16.42,0,2
15276.828,-0.174,0.307,0.87,15.38,2.11,15.53,0,2
15276.843,-0.176,0.325,0.871,14.98,4.73,12.63,0,2
15276.859,-0.18,0.337,0.868,13.06,6.59,8.45,0,2
15276.859,-0.179,0.334,0.884,11.14,7.39,6.29,0,2
15276.875,-0.184,0.343,0.898,11.02,7.6,5.83,0,2
15276.89,-0.193,0.353,0.909,11.23,7.2,4.73,0,2
15276.89,-0.194,0.351,0.909,10.56,6.07,3.48,0,2
15276.906,-0.205,0.344,0.917,10.8,5.16,3.48,0,2
15276.921,-0.199,0.342,0.918,11.69,3.81,5.04,0,2
15276.921,-0.199,0.339,0.911,13.28,3.17,6.32,0,2
15276.937,-0.2,0.333,0.916,14.62,3.2,6.99,0,2
15276.953,-0.193,0.324,0.909,16.42,2.62,6.84,0,2
15276.953,-0.188,0.354,0.892,17.46,1.62,5.01,0,2
15276.968,-0.188,0.381,0.881,14.95,0.34,0.92,0,2
15276.968,-0.195,0.401,0.878,8.88,-1.31,-4.0,0,2
15276.984,-0.194,0.404,0.886,2.11,-2.75,-7.66,0,2
15277.0,-0.197,0.398,0.903,-1.46,-3.48,-8.91,0,2
15277.0,-0.2,0.383,0.909,-0.82,-3.3,-8.03,0,2
15277.015,-0.191,0.383,0.914,2.56,-2.59,-4.79,0,2
15277.031,-0.181,0.39,0.909,7.39,-1.46,-0.98,0,2
15277.031,-0.166,0.393,0.898,11.11,-0.55,3.39,0,2
15277.046,-0.15,0.404,0.897,12.36,-0.15,7.39,0,2
15277.046,-0.135,0.413,0.892,11.32,-1.25,9.55,0,2
15277.062,-0.14,0.417,0.883,8.76,-2.96,9.95,0,2
15277.078,-0.145,0.416,0.884,5.13,-4.15,9.67,0,2
15277.078,-0.147,0.412,0.888,2.47,-4.33,9.34,0,2
15277.093,-0.147,0.404,0.887,1.1,-3.88,9.06,0,2
15277.109,-0.147,0.401,0.883,0.52,-3.02,8.91,0,2
15277.109,-0.15,0.398,0.883,0.55,-2.01,9.61,0,2
